"cell","UMAP1","UMAP2","subcluster","geno","pt"
"wt_3276314",-7.30507902306845,-2.30033065948363,"differentiating","WT",50.6083993670611
"wt_6508488",-7.92234377068808,-2.02197911414977,"differentiating","WT",48.4204458100315
"wt_8266009",-7.02606014413169,-0.72677417669173,"differentiating","WT",51.6943877383282
"wt_19608",-7.35405592126181,-1.71320178184386,"differentiating","WT",46.4885312266296
"wt_8855081",-6.65556530160239,-2.33995606574889,"differentiating","WT",48.0636256219643
"wt_7241935",-7.87053255242636,-2.48954023990508,"differentiating","WT",56.10534496969
"wt_7977305",-7.0380673806124,-0.82298680219527,"differentiating","WT",53.3985674197753
"wt_13584443",-6.86091570061972,-0.922821363543231,"differentiating","WT",56.7044499010142
"wt_9323222",-6.78229002160361,-0.552924653624255,"differentiating","WT",47.5857156327823
"wt_9915700",-6.80771354836753,-2.71160521182891,"differentiating","WT",59.6112144965157
"wt_1034939",-6.95139459771445,-0.44283438298579,"differentiating","WT",49.9723403617736
"wt_4876447",-7.07013563317588,-1.61949636611815,"differentiating","WT",53.6213685568834
"wt_8279903",-7.81369833154013,-2.34604205760833,"differentiating","WT",50.3879890251278
"wt_13713454",-6.92200092477133,-0.368612748679776,"differentiating","WT",51.4706456893686
"wt_1184327",-6.44409755868247,-1.95473005447264,"differentiating","WT",54.3412235505557
"wt_3544014",-7.62883047265341,-2.40447654399749,"differentiating","WT",51.8405305715668
"wt_475039",-7.3558164040499,-1.60066439781066,"differentiating","WT",52.8325553342554
"wt_8703829",-7.8680062691622,-2.30455770168181,"differentiating","WT",56.9284935199847
"wt_9143089",-6.61569980782798,-3.12647165927764,"differentiating","WT",53.1492923829365
"wt_12394044",-7.36866144341758,-2.01967634830352,"differentiating","WT",48.445450019378
"wt_6651733",-7.22135214013388,-2.35831036243315,"differentiating","WT",51.3514634268397
"wt_1037264",-6.8418159882479,-1.5107243267047,"differentiating","WT",52.3565099075156
"wt_4151078",-7.10784916085532,-1.17610468540068,"differentiating","WT",58.4292483831502
"wt_8275618",-7.83238748711875,-2.21721186313506,"differentiating","WT",49.662870067916
"wt_3550851",-7.49720911187461,-1.60958685550566,"differentiating","WT",54.9745146177527
"wt_5626383",-7.12404016656211,-2.28393199119445,"differentiating","WT",48.7003251124657
"wt_7237645",-7.40364889306357,-1.5454676357257,"differentiating","WT",57.3105904521705
"wt_9747852",-7.11972002190879,-2.66366424236174,"differentiating","WT",55.1857506253932
"wt_9911076",-6.49468712014487,-2.40088429126616,"differentiating","WT",53.9845103115978
"wt_4894129",-7.94048742455771,-2.15925790939208,"differentiating","WT",53.8696208619471
"wt_1187024",-7.40320161980918,-2.78254451427336,"differentiating","WT",56.3256250078562
"wt_7392021",-7.1788406769686,-1.08951111707564,"differentiating","WT",54.45540315216
"wt_6078815",-7.15528968972495,-2.13542534980651,"differentiating","WT",53.0875108997866
"wt_4308505",-8.02146772546103,-2.47467436466094,"differentiating","WT",52.2124518913916
"wt_5632211",-7.75701002282431,-2.69264568958159,"differentiating","WT",50.3364458229758
"wt_9885740",-7.15338663262656,-2.72152175578948,"differentiating","WT",40.6518398663202
"wt_761875",-7.54749063653281,-2.49755634937163,"differentiating","WT",50.9258885851889
"wt_8556349",-7.67705015343955,-1.80387725505706,"differentiating","WT",50.4093344403125
"wt_9764385",-7.43500951928427,-2.01863624725219,"differentiating","WT",57.2345879463773
"wt_4133815",-7.53511385125449,-2.61227717075225,"differentiating","WT",54.4507766263538
"wt_8293649",-5.65655807656577,-2.2733808961856,"precursor-like","WT",51.0743506834542
"wt_453576",-7.94161371392539,-2.18762411746855,"differentiating","WT",51.4795341658132
"wt_12694278",-7.79633859795859,-1.72178985748168,"differentiating","WT",49.7799836757615
"wt_7384382",-5.40617183846762,-2.30396988067504,"differentiating","WT",52.3494918943984
"wt_9007907",-6.67095331353476,-2.34282424125548,"differentiating","WT",53.8069967113038
"wt_5609477",-7.06500200433066,-1.89557149085875,"differentiating","WT",53.5947566293015
"wt_3705287",-6.99973396462729,-0.954698821638782,"differentiating","WT",51.1506792238916
"wt_4305095",-7.20728353661826,-2.63657321605559,"differentiating","WT",53.4130882137815
"wt_7254916",-7.28092054528525,-2.63096155795928,"differentiating","WT",59.5717839853671
"wt_5616036",-7.82315115136435,-2.54984965000029,"differentiating","WT",52.1486172605322
"wt_10487860",-7.55965761346152,-1.80466451320525,"differentiating","WT",54.6045002951647
"wt_9901138",-7.4478049675875,-1.8905797210681,"differentiating","WT",57.0302505423287
"wt_11087656",-7.74181036156943,-2.52250327739592,"differentiating","WT",51.0512828712222
"wt_5914017",-7.84744791192343,-2.04425384673949,"differentiating","WT",51.9162162578922
"wt_1652358",-7.5724740425997,-2.66057004604216,"differentiating","WT",51.2003289289671
"wt_12992294",-6.83239988488486,-2.46797027263518,"differentiating","WT",53.2308619762979
"wt_7963070",-7.80400518578818,-2.60406126651641,"differentiating","WT",58.0296318940928
"wt_8559438",-7.08710722131064,-1.17439289960738,"differentiating","WT",55.2410654019114
"wt_26189",-7.74706606072715,-2.68173279437896,"differentiating","WT",58.4065911496871
"wt_11817695",-6.70821241540244,-1.3195439783084,"differentiating","WT",48.0382048318794
"wt_13150860",-7.86869577569297,-1.98909094009276,"differentiating","WT",51.3462779703611
"wt_9900333",-7.78068117303183,-1.91926529083129,"differentiating","WT",56.3337552090427
"wt_9765179",-5.85612110299399,-2.0631256309497,"differentiating","WT",43.8355966479659
"wt_7825240",-7.59565500420859,-2.14558674964782,"differentiating","WT",49.8987496127797
"wt_8861996",-7.77600149316123,-2.65767922077056,"differentiating","WT",57.1571705482287
"wt_7408979",-7.15613512200644,-2.5320569482791,"differentiating","WT",54.8349904901681
"wt_7547615",-6.50049118203452,-1.79750563773986,"differentiating","WT",44.2009853773118
"wt_13293345",-6.99797109765341,-0.588560840223987,"differentiating","WT",48.0185590067431
"wt_6049572",-6.85368017358115,-1.24537666711684,"differentiating","WT",56.5678007101018
"wt_12981185",-7.13108829659751,-2.40242566738005,"differentiating","WT",57.4539433369132
"wt_8734088",-5.9227633873873,-1.62628807697173,"differentiating","WT",52.7010736047899
"wt_7546382",-6.6154542366915,-1.36204471263762,"differentiating","WT",50.5420815399484
"wt_12994205",-7.04453519982627,-1.00296135816451,"differentiating","WT",49.6859138179638
"wt_10037777",-7.14148763818076,-1.65003778610106,"precursor-like","WT",50.9275464876547
"wt_1184726",-5.70664123696616,-2.10190810832854,"differentiating","WT",49.5737317074282
"wt_8412343",-7.08955721062949,-0.864879598950107,"differentiating","WT",50.0998460392977
"wt_5478980",-6.90835527581504,-1.54879715118285,"differentiating","WT",57.3269704575453
"wt_1328732",-7.64269117516806,-1.78360130462523,"differentiating","WT",47.7456996302071
"wt_9749823",-6.88157705468466,-2.68510474834319,"differentiating","WT",53.4343266232637
"wt_4015918",-7.70243028802207,-2.22262968692656,"differentiating","WT",58.8111627444164
"wt_13437331",-7.70225481194785,-2.55312003764983,"differentiating","WT",56.8459889174811
"wt_3555102",-7.89438776177695,-2.62108459148284,"differentiating","WT",57.6056368200234
"wt_1208854",-7.44493440789511,-2.54096402797576,"differentiating","WT",57.1833423816975
"wt_1046800",-7.71424440545371,-2.39330329570647,"differentiating","WT",50.2160965645531
"wt_3544732",-6.68148664635947,-2.58003844890471,"differentiating","WT",43.3438955824796
"wt_10037024",-7.4744220177584,-2.06424417171355,"differentiating","WT",51.456753062029
"wt_11364525",-7.17579702538779,-2.51649512920256,"differentiating","WT",54.1785590994233
"wt_12394824",-7.4302039544039,-1.91989936504241,"differentiating","WT",58.6893009602923
"wt_7970779",-6.5769005219393,-1.86748149070616,"differentiating","WT",44.7329341835015
"wt_2680751",-7.57369569939902,-2.57737674388762,"differentiating","WT",48.6181147640227
"wt_4004036",-7.40576509637168,-1.48651089343901,"differentiating","WT",53.2534628323466
"wt_744649",-7.80709604424765,-2.36433651122924,"differentiating","WT",58.1002968146196
"wt_4733611",-6.61056093377402,-2.44020547542449,"differentiating","WT",51.6154071463631
"wt_8261840",-7.57497266930869,-2.72196044597502,"differentiating","WT",57.4920095570067
"wt_9312007",-6.86282447976401,-2.71833672199126,"differentiating","WT",53.7275213224417
"wt_4901452",-5.61756328744223,-2.3580805269229,"precursor-like","WT",51.3166003885479
"wt_3099741",-7.39192823571494,-2.49750318202849,"differentiating","WT",56.9428788154399
"wt_5169442",-7.46644930047324,-1.90493847999449,"differentiating","WT",57.2545989937685
"wt_5613350",-6.77528480691245,-2.46893849048491,"differentiating","WT",49.0767342131812
"wt_2067521",-6.15263227624228,-2.45731868419524,"differentiating","WT",54.7815690396944
"wt_17320",-7.75535921258261,-2.69787349376555,"differentiating","WT",51.2233427369956
"wt_7236519",-6.84865955514243,-1.02243491086837,"differentiating","WT",57.1951184742944
"wt_11389890",-7.71348623437216,-2.0732757059085,"differentiating","WT",51.3748186820065
"wt_10326191",-7.07792715234091,-1.41169991168853,"differentiating","WT",54.5940950140645
"wt_8143913",-6.2089600960665,-2.39308943424102,"precursor-like","WT",51.419655168615
"wt_3259431",-6.37665466470053,-1.62559320602294,"differentiating","WT",53.9249491656885
"wt_8143915",-7.41497091454795,-2.35314812335845,"differentiating","WT",50.5843244451052
"wt_3262548",-4.79747490090659,-2.31428839835997,"precursor-like","WT",38.4952791641172
"wt_11831088",-7.33438829583457,-2.28037395152922,"differentiating","WT",52.0162506994695
"wt_5174853",-7.2752385537081,-1.43193115863677,"differentiating","WT",53.3716342396087
"wt_8265632",-6.32792858285239,-1.85037340793486,"differentiating","WT",42.0144018298814
"wt_3249805",-6.52175954980185,-2.45323862705107,"differentiating","WT",47.2701116664016
"wt_7407003",-7.8147426049166,-1.82407583865996,"differentiating","WT",53.8544393960655
"wt_1201181",-6.21892027062705,-2.04157092246886,"differentiating","WT",48.1580018355194
"wt_8569816",-7.37537531060508,-2.58296789798613,"differentiating","WT",52.2363441742704
"wt_9916060",-7.74756578606894,-2.05767359409209,"differentiating","WT",50.5808884146079
"wt_11084221",-6.92586092156699,-2.62885703716155,"differentiating","WT",57.3487993725526
"wt_9749074",-7.35945181054404,-2.44324674281951,"differentiating","WT",59.1590565636533
"wt_11825691",-7.3479457299166,-1.94979836616393,"differentiating","WT",58.416835533288
"wt_11242775",-7.4609713951998,-1.87862970504637,"differentiating","WT",52.1343296202823
"wt_6046108",-6.91999105614951,-2.17349674377318,"differentiating","WT",50.5455954305361
"wt_4900669",-6.24427513284018,-2.03547360572692,"precursor-like","WT",47.6689747549187
"wt_7385926",-7.10597471398642,-2.07509889278289,"differentiating","WT",47.8473139436783
"wt_3562016",-7.59018377465537,-2.2984497753131,"differentiating","WT",49.9246301723987
"wt_5756180",-5.86640743417075,-1.8606884685504,"precursor-like","WT",39.9928536449333
"wt_8266392",-5.50105194253257,-2.2032885757434,"precursor-like","WT",41.5506463948285
"wt_7392047",-6.534681359952,-2.20522370014067,"differentiating","WT",50.3273513672677
"wt_3693015",-7.60270170373252,-2.36344041499968,"differentiating","WT",48.2421139383215
"wt_1481127",-5.45129350823691,-2.30461742553588,"precursor-like","WT",48.2096785340811
"wt_1653600",-6.08295921487143,-2.31032921943541,"precursor-like","WT",48.2820036608143
"wt_2228411",-6.97131399316123,-2.06352641258116,"differentiating","WT",54.1452365519536
"wt_7543389",-7.7864280144625,-2.13891770515319,"differentiating","WT",49.8405963708164
"wt_5486278",-7.65453104180625,-2.11474027309294,"differentiating","WT",53.7989599504895
"wt_1328333",-6.54159168404868,-2.00766040954467,"differentiating","WT",48.0585465424262
"wt_8558636",-6.77210764092734,-2.5831314531314,"differentiating","WT",55.7263705266699
"wt_9313940",-7.57939771813681,-2.60860051784392,"differentiating","WT",57.5117157576937
"wt_5612556",-7.57938913506797,-2.68626584682341,"differentiating","WT",54.1466755537084
"wt_7406633",-7.42512468499472,-2.43441619548674,"differentiating","WT",53.4085487621111
"wt_4308182",-7.05127290887168,-2.70931400928374,"differentiating","WT",52.7936980960853
"wt_7085257",-6.12474159402182,-2.2763116565692,"precursor-like","WT",50.2984752000481
"wt_10051612",-6.81257251900962,-1.80806460056182,"differentiating","WT",51.142811588522
"wt_3712539",-6.97772220773032,-1.31882240447875,"differentiating","WT",58.4029775332308
"wt_5193986",-7.82073644799521,-2.60666742000457,"differentiating","WT",55.2282049231385
"wt_5482024",-5.9830866257601,-2.25701405677672,"differentiating","WT",40.374917103614
"wt_3711820",-6.38564638299277,-1.89063884887572,"differentiating","WT",41.924898068668
"wt_1207377",-5.90970138711264,-2.27885844383116,"precursor-like","WT",48.1603297525812
"wt_4455948",-7.39348558587363,-1.91853036556121,"differentiating","WT",54.1395046228783
"wt_2230724",-7.75403360528281,-2.07475402030822,"differentiating","WT",58.9448033955527
"wt_3544338",-7.14912275475791,-2.53367652568694,"differentiating","WT",57.549271292685
"wt_13431952",-6.99637893838217,-0.730095973347385,"differentiating","WT",53.4214172989864
"wt_6355644",-7.79402116936972,-2.16011740836974,"differentiating","WT",55.3088414587525
"wt_9887286",-7.50542310876181,-2.56903185520049,"differentiating","WT",57.8525662315251
"wt_13427724",-7.51799825829795,-1.94750394496794,"differentiating","WT",50.1257710272885
"wt_8258377",-6.7120175759249,-2.65258993778105,"differentiating","WT",39.3795836265377
"wt_13148204",-7.43578771752646,-2.16737320098754,"differentiating","WT",54.2796347867197
"wt_2390442",-6.45929865044883,-1.31299390468474,"differentiating","WT",52.8644668688817
"wt_7260337",-5.75625805062583,-1.82184531364318,"differentiating","WT",43.7712581039966
"wt_13452384",-6.93845895928672,-1.89730515155669,"differentiating","WT",52.8533805509616
"wt_6786839",-7.74764780206015,-2.5746823755252,"differentiating","WT",53.1150576461763
"wt_3279361",-6.49654249352744,-2.41792072925444,"differentiating","WT",47.1976193171222
"wt_7090946",-7.37145761651328,-1.85189892921324,"precursor-like","WT",47.9641838338129
"wt_7978033",-4.90842918557456,-2.37864985141631,"precursor-like","WT",41.0122212800931
"wt_3415008",-7.35155920190146,-2.36537899646636,"differentiating","WT",55.2029791568419
"wt_14013377",-6.6073861519747,-2.48062123927947,"differentiating","WT",54.2380162307058
"wt_1333704",-7.04373077554038,-2.27325632247802,"differentiating","WT",55.2554192310177
"wt_7110951",-6.08110145730307,-2.26452662620421,"differentiating","WT",43.3394631713959
"wt_7840991",-7.62027410668662,-1.85158850822325,"differentiating","WT",50.5931073002971
"wt_6075275",-7.04557327431967,-2.61811055812712,"differentiating","WT",50.2477887195422
"wt_3559000",-6.34107307595542,-2.13621451530333,"precursor-like","WT",55.5054697512783
"wt_3572051",-6.76549820107749,-1.88479771289702,"differentiating","WT",49.8123077464909
"wt_8704986",-7.15307954949668,-2.92947640094634,"differentiating","WT",54.0995906113475
"wt_9909196",-6.2555065552645,-2.4771481958377,"differentiating","WT",54.5870555582327
"wt_12536143",-7.22324518365195,-2.42642225894805,"differentiating","WT",50.3951612961728
"wt_4900703",-6.77376274270346,-1.76287355098601,"differentiating","WT",54.3043605971204
"wt_295710",-6.74878172082236,-1.84625723037596,"differentiating","WT",48.7531878823816
"wt_12240770",-7.7787433068209,-2.39136209163543,"differentiating","WT",50.777049686935
"wt_2244875",-6.08563284081748,-2.02065291080352,"precursor-like","WT",43.723792200179
"wt_1360987",-5.99881939095786,-2.24108829173918,"differentiating","WT",49.9753167174971
"wt_11831891",-5.58835081261924,-2.26147868308898,"precursor-like","WT",39.1853655264125
"wt_1795629",-7.61240152520468,-2.16179289493438,"differentiating","WT",54.0976706018333
"wt_445100",-6.93399004144004,-2.23711659583922,"differentiating","WT",55.6716855007792
"wt_13444995",-4.74137691659262,-2.24598886642333,"precursor-like","WT",40.4077037547086
"wt_7086751",-7.72671369714072,-2.00733973655577,"differentiating","WT",52.9644236135008
"wt_10029774",-7.86479429406455,-2.30770458850737,"differentiating","WT",57.6269770475654
"wt_5040445",-7.37274316949179,-2.179159661864,"differentiating","WT",50.4858898736508
"wt_6344092",-7.55382303399375,-2.28945006999846,"differentiating","WT",50.9335835086591
"wt_316113",-6.7531085411959,-2.49002399120208,"differentiating","WT",58.2371259226973
"wt_9168861",-6.25670770806601,-2.11935033473845,"differentiating","WT",44.0196940196714
"wt_4437208",-5.90027860802939,-1.56183900508757,"precursor-like","WT",40.6669937036645
"wt_3272141",-7.23173002404502,-2.6163596120822,"differentiating","WT",51.5883888167505
"wt_9616596",-7.25422147912314,-2.03234543475981,"differentiating","WT",50.2683357735192
"wt_5487008",-6.17407325906089,-2.83314289722319,"differentiating","WT",43.3010364617533
"wt_12243110",-7.76066164178183,-2.15488781604644,"differentiating","WT",56.3484757342865
"wt_7973056",-5.84637121362021,-2.22387375507231,"precursor-like","WT",47.3854128749678
"wt_12402849",-6.47135595483115,-3.13318290386077,"differentiating","WT",54.387106040022
"wt_3257879",-4.96826891106894,-2.23045589599486,"precursor-like","WT",48.9874743666973
"wt_5467854",-7.35846761864951,-2.65279354724761,"differentiating","WT",60.5532116433818
"wt_9880785",-7.80229524773886,-1.88799359474059,"differentiating","WT",55.049545195158
"wt_329168",-7.01299528283408,-2.5348268953311,"differentiating","WT",56.7675830756521
"wt_12407518",-7.31585840386679,-2.34218599471923,"differentiating","WT",57.6363665998236
"wt_10770506",-7.40273718041709,-2.19855441722747,"differentiating","WT",55.5040392338045
"wt_1050299",-7.36390546960166,-2.65584935817595,"differentiating","WT",55.035981342692
"wt_470074",-6.37437633675864,-1.40274741325255,"differentiating","WT",47.2915473156879
"wt_8115159",-6.52538255852988,-2.0442422834384,"differentiating","WT",51.3823373454512
"wt_11503561",-7.63633875054648,-2.587398192023,"differentiating","WT",48.1695703769569
"wt_1933076",-6.35128454369834,-1.68649031791564,"differentiating","WT",48.7566395096012
"wt_11220121",-7.69990209740927,-1.95806994113799,"differentiating","WT",56.7146880599034
"wt_4739014",-7.23072199029258,-2.5194300619113,"differentiating","WT",49.1250325465197
"wt_888268",-6.55146555108359,-1.50297262344237,"differentiating","WT",52.6770108983098
"wt_7113617",-5.05731586617758,-2.26736321124907,"precursor-like","WT",38.3890105601563
"wt_4434441",-7.8312802712374,-2.20512427959319,"differentiating","WT",58.1668916437179
"wt_611364",-6.51877788705161,-2.20219435367461,"precursor-like","WT",53.260046203707
"wt_7847118",-7.65348962945273,-1.9577937332141,"differentiating","WT",54.9271376330742
"wt_7089804",-7.25801424187949,-2.4447254148471,"differentiating","WT",50.6562286768179
"wt_9016779",-6.29748014611533,-2.21779622707244,"differentiating","WT",56.3826424665018
"wt_11800341",-5.33271984261801,-2.17554881248351,"differentiating","WT",40.077645597399
"wt_7842474",-7.39076189202597,-2.63741125736113,"differentiating","WT",52.2911428464125
"wt_10039324",-7.54770139855674,-2.56704511318084,"differentiating","WT",57.5962786009493
"wt_8585862",-7.3575721184664,-2.85312785777922,"differentiating","WT",53.7725233969664
"wt_11071549",-7.15049699944785,-2.63942088756438,"differentiating","WT",44.4880397663648
"wt_8564353",-7.73582319421103,-2.72114004764434,"differentiating","WT",54.2443995910534
"wt_13304461",-7.13409237069419,-1.59028257999297,"differentiating","WT",51.3483545507254
"wt_10477451",-5.5742059151583,-2.15309121284362,"precursor-like","WT",39.0169747923102
"wt_6812175",-5.47043136758139,-2.23537399444457,"differentiating","WT",55.4786801674335
"wt_2817454",-6.42168001336386,-1.4307123628604,"differentiating","WT",42.9160728742839
"wt_3568962",-5.93789295357993,-1.61963917884703,"precursor-like","WT",43.7742736474996
"wt_9883801",-7.31169180077841,-2.83410014781829,"differentiating","WT",55.4738248044653
"wt_1639307",-7.69070963067343,-2.031898399924,"differentiating","WT",55.206558604589
"wt_8559024",-6.43467048806479,-2.43163194332,"differentiating","WT",53.2409630661453
"wt_8128588",-7.15145544213584,-2.55530633602019,"differentiating","WT",55.5997750699247
"wt_765000",-7.50873235863974,-2.76806010875579,"differentiating","WT",57.8967262501686
"wt_11822987",-7.76075987023642,-2.22049965534087,"differentiating","WT",58.4270803884024
"wt_13885886",-7.32720998925498,-1.41065337333556,"differentiating","WT",57.7889640525883
"wt_1789914",-6.3675761620455,-1.49492671165343,"differentiating","WT",45.1329247644227
"wt_10800436",-6.80158142251303,-1.50499834689971,"differentiating","WT",53.6763939471694
"wt_324507",-7.38908533257773,-2.24008156928893,"differentiating","WT",56.2575278419006
"wt_9746733",-6.86297611398032,-2.68025841388579,"differentiating","WT",53.9091402593019
"wt_5035864",-6.7873783509188,-2.45541658077117,"differentiating","WT",52.7333612089182
"wt_1922308",-7.6014218727999,-2.77122082385894,"differentiating","WT",56.8664509073124
"wt_4004362",-7.32661775750449,-2.47654952678557,"precursor-like","WT",57.2534046427766
"wt_331045",-7.50675157708457,-2.07838132057067,"differentiating","WT",49.1852306823845
"wt_1362123",-7.02734092873862,-2.5966869798648,"differentiating","WT",53.4044348371239
"wt_8706858",-6.04476694268515,-2.36464049491759,"precursor-like","WT",54.0103466580883
"wt_8714916",-6.53222660226157,-2.47761978778716,"precursor-like","WT",50.6880602460163
"wt_5458945",-7.56783250970175,-2.40830530795928,"differentiating","WT",52.8528330781998
"wt_156321",-5.49702266854575,-2.08127631816741,"precursor-like","WT",39.7296002757144
"wt_5188677",-7.43860868615439,-2.51070727977629,"differentiating","WT",56.886510496766
"wt_4578838",-7.00919870538047,-0.947684010599811,"differentiating","WT",58.1099872809004
"wt_4002129",-6.9669528405123,-2.34868719253417,"differentiating","WT",47.8359549521074
"wt_13143955",-6.934339563077,-2.70547046337004,"differentiating","WT",56.5888457888769
"wt_8588197",-7.52064661187461,-2.68141426715728,"differentiating","WT",45.7795972810817
"wt_8267176",-4.7198186318331,-2.37378301296111,"precursor-like","WT",41.3053552219453
"wt_1331333",-6.8574295441561,-1.63950695667144,"differentiating","WT",54.9356918749124
"wt_12860256",-6.13969711465171,-2.03715099964019,"differentiating","WT",42.3172168337534
"wt_590978",-7.49460748833945,-2.6972409692752,"differentiating","WT",45.2339736907038
"wt_4725590",-6.9984469811373,-2.43908586177703,"precursor-like","WT",48.9108112940497
"wt_5169468",-6.62317423028281,-1.8898256031024,"differentiating","WT",53.9541374450288
"wt_13747977",-6.66236166161826,-1.97226037654753,"differentiating","WT",48.514487258282
"wt_763849",-6.93158964318564,-1.47521962795134,"differentiating","WT",57.008330727571
"wt_6054943",-4.98116258782675,-2.20539500388976,"precursor-like","WT",40.5191171753355
"wt_10338124",-7.37191728753379,-1.95422317657347,"differentiating","WT",51.2786539019502
"wt_2970635",-7.0664606491976,-2.55509509715911,"differentiating","WT",51.7708640550704
"wt_1062957",-6.8809194962435,-2.41351260814543,"differentiating","WT",53.1478772358039
"wt_9913401",-7.29538969201377,-2.53395785961028,"differentiating","WT",47.4851613860129
"wt_9022126",-7.14794496697715,-2.54631199512358,"differentiating","WT",49.8013366979076
"wt_6499637",-5.85754827660849,-2.08427729282256,"precursor-like","WT",38.1057293914996
"wt_6366816",-6.81853775185874,-2.02587320480223,"differentiating","WT",48.3576449050517
"wt_13128225",-6.92430595559409,-0.561180835698802,"differentiating","WT",47.9980673764317
"wt_13739975",-6.63415054482749,-2.53576173457976,"differentiating","WT",49.859639817819
"wt_4284728",-7.66060117883017,-2.38565673503752,"differentiating","WT",52.2184567161758
"wt_8417754",-6.87700609368613,-1.23484947357054,"differentiating","WT",51.5536935740347
"wt_610213",-7.23315099877646,-2.30596782836791,"differentiating","WT",53.3040668638043
"wt_10331990",-5.93619207543662,-2.15484323177214,"precursor-like","WT",46.8357102082575
"wt_7405087",-6.28707842034629,-2.27170850906249,"differentiating","WT",49.5532706763977
"wt_8268343",-5.54748396081259,-2.29853310260649,"precursor-like","WT",47.5225740395041
"wt_5903654",-7.47400526208213,-2.41080488834258,"differentiating","WT",53.4546073904437
"wt_2674988",-7.04436210793784,-2.22465958270903,"differentiating","WT",58.5088801175375
"wt_2660008",-7.1411939064913,-2.34488036308165,"differentiating","WT",56.8976225722299
"wt_9467178",-7.71946291131308,-2.24353673133727,"differentiating","WT",53.2926182498662
"wt_9324700",-4.95141605538657,-2.29799725684996,"precursor-like","WT",49.0316081152808
"wt_5750797",-6.9623928467684,-2.39395394000884,"differentiating","WT",51.4854429247033
"wt_12845588",-7.66607431573203,-2.29104520950194,"precursor-like","WT",51.0906889782476
"wt_12118737",-7.2348914544039,-1.73369838867064,"differentiating","WT",52.0255894094105
"wt_6796833",-7.27945951623252,-2.56809177074309,"differentiating","WT",54.1475385532374
"wt_9153118",-7.39254335564902,-1.39347948703643,"precursor-like","WT",48.3293841729913
"wt_894754",-7.53797487420371,-2.7455488649356,"differentiating","WT",54.6707410204938
"wt_3836638",-5.94667390984824,-2.47202648792144,"differentiating","WT",43.6494785246733
"wt_9458379",-6.35588554543784,-1.92577125701781,"differentiating","WT",48.5478848043772
"wt_2688817",-6.75565532845786,-2.67185129794951,"differentiating","WT",52.7896388643417
"wt_11525379",-7.39457182092002,-2.21803941402312,"precursor-like","WT",52.4838964430902
"wt_6496215",-7.09349588555625,-2.65713133487578,"differentiating","WT",52.4828943528915
"wt_2384313",-7.25048593682578,-1.62974979553099,"differentiating","WT",53.9629212248351
"wt_7106745",-7.24042848748496,-2.60686030063506,"differentiating","WT",49.529473717762
"wt_9910739",-5.78771738213828,-2.04211618575927,"precursor-like","WT",41.8217887130482
"wt_12683177",-6.55340389413169,-1.83320011768218,"differentiating","WT",50.1123610389376
"wt_605983",-7.68379263085654,-2.53653826389189,"differentiating","WT",52.973057408663
"wt_1361288",-7.12304023904135,-2.34041037235137,"differentiating","WT",56.4969988508799
"wt_3697225",-7.72761873406699,-2.14707924995299,"differentiating","WT",55.3772057241939
"wt_2085193",-7.06593755883506,-0.974885841940601,"differentiating","WT",57.2209281084741
"wt_150165",-7.27974561852744,-2.6100086179721,"differentiating","WT",52.9600054110189
"wt_8143180",-6.86218837899497,-2.36880471382018,"differentiating","WT",52.7827213560137
"wt_12258075",-6.08530143899253,-2.10649301681395,"precursor-like","WT",43.4518239058065
"wt_6650166",-5.87295011681845,-2.1398519483554,"precursor-like","WT",51.5024336754902
"wt_4594983",-7.1160793702059,-2.38825597438689,"differentiating","WT",56.8246987457339
"wt_12562199",-6.39836410683921,-2.37687017593261,"differentiating","WT",46.783801009182
"wt_1202700",-5.56193164986899,-2.2184674945819,"precursor-like","WT",37.7321675257433
"wt_8868504",-5.6463609139376,-2.18180610809203,"precursor-like","WT",37.7613686682065
"wt_1197711",-5.51334146661093,-2.03563799533721,"precursor-like","WT",37.3026430731999
"wt_13741886",-7.09866146249106,-2.63452233943816,"differentiating","WT",49.6583944437103
"wt_6076880",-4.77985576791098,-2.34863056812163,"precursor-like","WT",44.7428121340061
"wt_5784989",-7.40578607720664,-1.79160728130217,"differentiating","WT",50.8668867408057
"wt_2687649",-6.73526386422446,-2.4166914430606,"differentiating","WT",54.9677973031889
"wt_5478587",-6.97240356606772,-1.56556274566527,"differentiating","WT",48.4201879929553
"wt_2395058",-6.68375925225547,-1.17944081697341,"differentiating","WT",52.5440401151733
"wt_12244272",-6.93189672631552,-2.04743542346831,"differentiating","WT",49.3745850449564
"wt_4137244",-7.34058431786826,-2.51643099460479,"differentiating","WT",55.663206051103
"wt_13429258",-5.8767371575289,-1.75090481910582,"precursor-like","WT",38.2957810238809
"wt_12261949",-7.56915048760703,-2.65999307308074,"differentiating","WT",56.5886703147432
"wt_8277583",-4.88215355080893,-2.14956369075652,"precursor-like","WT",39.1053405643995
"wt_14030653",-5.03971532983115,-2.22467960986968,"precursor-like","WT",39.7366533060232
"wt_10498578",-6.49892000359824,-2.41179837856169,"differentiating","WT",56.8665171541972
"wt_1636636",-6.50957063836386,-2.14109494361754,"differentiating","WT",50.6392644973815
"wt_12119857",-7.20675043267539,-2.70892634067412,"differentiating","WT",53.9972856981002
"wt_326043",-6.36493591470053,-1.83035256538268,"differentiating","WT",47.0212442182292
"wt_6668997",-7.12527565163901,-1.93230642948027,"differentiating","WT",58.3894611115742
"wt_1947322",-7.30523828667929,-2.28196193847533,"differentiating","WT",51.0265200701601
"wt_10033936",-7.49273161095908,-2.01728679809447,"differentiating","WT",58.616885704479
"wt_893259",-7.47402433556845,-1.61692919406768,"differentiating","WT",53.5009115322419
"wt_5015482",-7.25332311791709,-1.9941821304309,"differentiating","WT",51.7933045574182
"wt_11804204",-7.78302721185019,-2.75042905483123,"differentiating","WT",54.2439265902908
"wt_11807302",-6.90146116418174,-2.62303032550688,"differentiating","WT",40.3692205473301
"wt_9020978",-6.84980539483359,-2.54057898197051,"differentiating","WT",49.9183854022073
"wt_11387137",-6.26079420251181,-2.29167248878356,"differentiating","WT",38.3647999297171
"wt_8562057",-6.1934719483309,-2.10895707282897,"differentiating","WT",48.9534842059567
"wt_1181613",-7.29686121148398,-2.7162143198001,"differentiating","WT",56.8015269709877
"wt_4742834",-4.44282154244712,-2.36806716594573,"precursor-like","WT",37.7772672670523
"wt_5605308",-6.79952530068686,-2.47788109454985,"differentiating","WT",45.6307398937748
"wt_5189775",-6.89806799096396,-1.48413171443816,"differentiating","WT",48.7745955695254
"wt_2683013",-6.15602449578574,-2.35967530879851,"differentiating","WT",44.8307391421535
"wt_8115851",-7.59415201348593,-2.63057436618682,"differentiating","WT",54.688316891191
"wt_4007129",-7.02907041711142,-2.16545679244872,"differentiating","WT",49.6149339390418
"wt_7822156",-7.29314188165,-2.35077132854338,"differentiating","WT",53.0561368636497
"wt_3984431",-7.3221660057955,-2.03391732845183,"differentiating","WT",58.0474602780669
"wt_10057053",-6.62618974847129,-1.48533191356536,"differentiating","WT",42.8522865889435
"wt_6344874",-7.23581842583945,-2.55904044780608,"differentiating","WT",57.6636057538365
"wt_12096772",-5.73278001946738,-2.07506837520476,"precursor-like","WT",48.2530615489244
"wt_13149736",-7.56790689629843,-2.63487877521392,"differentiating","WT",54.8645285314443
"wt_1034157",-6.69890312356284,-2.43528308544036,"differentiating","WT",52.4854960212094
"wt_12413610",-6.58165125054648,-2.57239427242156,"differentiating","WT",49.4436089762835
"wt_1184350",-5.02905420464804,-2.26981844577666,"precursor-like","WT",37.005083125513
"wt_5491635",-6.31030611199668,-1.38351645145293,"differentiating","WT",37.3417476496821
"wt_7686564",-7.56667474908164,-2.63153614673491,"differentiating","WT",57.7905454113742
"wt_11955477",-7.42822317284873,-2.66211738262053,"differentiating","WT",57.6371349112766
"wt_4014770",-7.33256391686728,-2.13891651306029,"differentiating","WT",49.8468483730325
"wt_2213773",-6.66343692941001,-2.61852087650176,"differentiating","WT",38.3270370432517
"wt_3393061",-6.25989250344565,-1.72357835445281,"differentiating","WT",54.6494120215599
"wt_6932414",-6.59736541909507,-2.43617977771636,"differentiating","WT",56.198626680532
"wt_3119706",-6.74297002953818,-1.05635257634993,"differentiating","WT",56.5278600708308
"wt_9732898",-7.16109327477744,-1.58995666179534,"differentiating","WT",45.4385118359063
"wt_3255173",-5.04097894830039,-2.19293298396941,"precursor-like","WT",36.1624376629741
"wt_7969587",-6.34547762078574,-1.6326725688922,"precursor-like","WT",37.1273371102119
"wt_8875066",-7.19383196038535,-2.68701924953337,"differentiating","WT",49.8926041829034
"wt_7095580",-6.03593353432944,-2.20995642814513,"differentiating","WT",43.6975152825871
"wt_13424658",-7.22067598504355,-2.65549482974883,"differentiating","WT",54.2985055392328
"wt_2070233",-7.56580690545371,-2.5808748212802,"differentiating","WT",55.1714617604985
"wt_13132849",-6.65973428887656,-2.53036274585601,"differentiating","WT",51.819264506371
"wt_11374111",-6.60721925896933,-2.51522674236174,"differentiating","WT",54.2363715996341
"wt_13423949",-7.25928358239463,-2.76585640582915,"differentiating","WT",53.4137639486116
"wt_1350962",-5.90866331261924,-2.2767999378192,"precursor-like","WT",46.1224422921243
"wt_7675061",-6.24158004922202,-2.514000794028,"differentiating","WT",49.5141960205681
"wt_9893056",-6.02557949227622,-1.73837473068114,"differentiating","WT",42.0707314677586
"wt_750364",-5.04328684014609,-2.30039527091857,"precursor-like","WT",37.4792465126913
"wt_11662868",-7.39267877740195,-1.36721207771178,"differentiating","WT",51.1101859719088
"wt_11537355",-7.46061472100547,-2.33952619705077,"differentiating","WT",54.0091949322941
"wt_2362078",-6.08301262063315,-2.22192003402587,"precursor-like","WT",49.41052415639
"wt_10793897",-6.00054220361045,-2.17484261665221,"differentiating","WT",50.4223543661436
"wt_10794640",-5.88448909920981,-2.22333874378081,"differentiating","WT",47.7347698749584
"wt_2365137",-6.88421634835532,-2.46997322711821,"differentiating","WT",52.9272324507291
"wt_11081871",-5.49811510247519,-2.24677159461852,"precursor-like","WT",44.8801532751676
"wt_13151709",-7.09880594415,-1.88358666572448,"differentiating","WT",48.6740866657521
"wt_5033108",-6.1699672142916,-2.08701970252867,"precursor-like","WT",42.1982049571567
"wt_13861686",-5.54734806222251,-2.06064691219207,"precursor-like","WT",44.976926486136
"wt_9468726",-6.63925460976889,-1.92594995174285,"differentiating","WT",43.7141542755803
"wt_13301829",-6.80502847832968,-1.71013464603301,"differentiating","WT",51.1334611299882
"wt_10947086",-6.93650201958945,-2.48559131297942,"differentiating","WT",49.6715662356853
"wt_1786390",-7.5305571953707,-2.11702062759276,"differentiating","WT",55.0383923511065
"wt_3550096",-6.30134729546836,-2.4631682840335,"differentiating","WT",38.6664984895109
"wt_5469384",-7.03900484246543,-1.53344609413024,"differentiating","WT",50.1148711290187
"wt_11956243",-7.3781381050997,-2.82364692363616,"differentiating","WT",39.3126054362508
"wt_9151940",-6.82643036050132,-2.66392173442717,"differentiating","WT",51.8194798331869
"wt_169800",-7.43458131951621,-1.47134306106444,"differentiating","WT",58.0890287255308
"wt_6497326",-6.6917276780062,-1.17177160653945,"differentiating","WT",56.1917270923398
"wt_2082498",-6.95242027444174,-1.64076389942046,"differentiating","WT",53.1282870572659
"wt_7991060",-5.78946355981162,-2.15908136043425,"differentiating","WT",39.1901589154197
"wt_7401234",-5.52097562951377,-2.23411669406768,"precursor-like","WT",38.9768230922158
"wt_3709121",-7.72422079247763,-2.11835028800841,"differentiating","WT",49.1707415621358
"wt_9883052",-5.44265798730185,-2.12794294032927,"precursor-like","WT",37.9490103309593
"wt_312233",-7.61887029809287,-2.12902547988768,"differentiating","WT",53.2410583351186
"wt_10486340",-6.95250038308432,-2.28649558696624,"differentiating","WT",51.8088955460759
"wt_1347102",-5.58045343560508,-2.12462367687102,"precursor-like","WT",38.0515518359846
"wt_13420509",-7.3058896462374,-2.72130527171965,"differentiating","WT",53.5251871468937
"wt_13867824",-4.40712980431845,-2.35192646655913,"precursor-like","WT",37.3527232996579
"wt_4140315",-6.5733719269686,-2.44639529857512,"differentiating","WT",42.9118142498608
"wt_1213483",-5.05942205590537,-2.1121887174594,"precursor-like","WT",40.7813523087615
"wt_12552243",-6.57329992455771,-1.80818428668853,"differentiating","WT",45.4874374429659
"wt_5918675",-7.43331007165244,-2.31880964908477,"differentiating","WT",54.4081776158382
"wt_8405827",-7.29452661675742,-2.5592056718814,"differentiating","WT",56.3172416189175
"wt_11382606",-6.08679203194907,-2.396484753226,"differentiating","WT",39.5875608663513
"wt_9439874",-5.92289261025717,-2.06043913040038,"differentiating","WT",47.2326272940359
"wt_7553686",-7.25556329888633,-2.64175977382537,"differentiating","WT",52.4127827462488
"wt_11950087",-7.26683000726035,-1.97156860504027,"differentiating","WT",53.955010166934
"wt_12834882",-7.05127815408042,-2.60616078052397,"differentiating","WT",51.1353150466164
"wt_9904968",-5.47795347375205,-2.2947602478015,"precursor-like","WT",36.7189273556008
"wt_6524206",-6.91318182153037,-1.51743855152007,"differentiating","WT",53.6427881695277
"wt_13279182",-7.3286939064913,-2.51882710132476,"differentiating","WT",53.7732651566255
"wt_11225105",-6.2846002976351,-2.6723898855197,"differentiating","WT",46.9765652907748
"wt_4010167",-7.40629724664023,-2.07043566379424,"differentiating","WT",57.7579233982635
"wt_4290490",-7.01901535195639,-2.57216968212004,"differentiating","WT",38.3359662833311
"wt_11385221",-6.2544660965853,-2.43035616550322,"differentiating","WT",47.8434475892512
"wt_7833285",-5.85395864648154,-2.02079643878813,"precursor-like","WT",52.5327658489297
"wt_3847302",-6.77622179192832,-1.61903288040038,"differentiating","WT",52.7556817415214
"wt_12701955",-6.09529070061972,-2.09686042938109,"differentiating","WT",49.5465099232805
"wt_6361788",-6.37939361733725,-2.00566901836272,"differentiating","WT",49.56476530535
"wt_8558607",-5.28705505532553,-2.10271002921935,"precursor-like","WT",41.129196262534
"wt_5466673",-6.76885370415976,-2.21157409820433,"differentiating","WT",53.4819806067312
"wt_3843842",-6.67580751580527,-1.55241980228301,"differentiating","WT",49.9773610763207
"wt_6669333",-7.26020483178427,-2.30017294559355,"differentiating","WT",52.1948108111339
"wt_9305869",-4.96166090173056,-2.28686132106658,"precursor-like","WT",39.8779316669397
"wt_5928281",-7.15752557915976,-1.77530004653807,"differentiating","WT",53.4742256922257
"wt_9450665",-5.07169441384604,-2.45197977695342,"precursor-like","WT",36.5369154693092
"wt_5029654",-7.14446071786216,-2.11911096248503,"differentiating","WT",49.0603130687729
"wt_8268764",-5.43573908013633,-1.97606076869841,"precursor-like","WT",45.7895225523332
"wt_8573279",-7.30028871697715,-2.60701741847869,"differentiating","WT",53.1464746023258
"wt_9173805",-7.21750597161582,-2.17223753604766,"differentiating","WT",47.8588546841217
"wt_7681962",-6.37291483086875,-2.68764366779204,"differentiating","WT",52.827726127965
"wt_9450645",-4.28555111092856,-2.36086787853118,"precursor-like","WT",37.549400998601
"wt_8140879",-6.92153410119345,-2.24463238391753,"differentiating","WT",48.8248168087013
"wt_6494980",-7.27885488671591,-1.89522232684966,"differentiating","WT",52.0290986217793
"wt_4158745",-6.91467718285849,-1.42373754653807,"differentiating","WT",45.6561804174582
"wt_10029331",-7.29248098534873,-2.59325613651152,"differentiating","WT",56.5795807022399
"wt_8274071",-6.3161492745333,-1.86825992736693,"differentiating","WT",43.4005590093118
"wt_7398614",-6.03145794076255,-2.32932581577178,"differentiating","WT",37.4000906917727
"mut_3251014",-6.93616298836997,-0.836349418495853,"differentiating","MUT",48.9000899670022
"mut_7242691",-6.59345869225791,-1.53343691501494,"differentiating","MUT",48.7409172627587
"mut_7385941",-7.87425092858603,-2.4926659074771,"differentiating","MUT",50.2631244743028
"mut_7251543",-7.5006966988497,-1.56572832736846,"differentiating","MUT",50.8952350478137
"mut_7973821",-7.01229623956015,-2.37530972633239,"differentiating","MUT",48.883788918671
"mut_12093734",-6.60601762933066,-0.629872044657428,"differentiating","MUT",49.7540208536764
"mut_5460163",-6.73684648675254,-2.33602049026366,"differentiating","MUT",58.2556851187723
"mut_2226074",-7.26772360009482,-1.55041565570708,"differentiating","MUT",51.2422371275857
"mut_2684226",-7.02349571389487,-0.380679168032553,"differentiating","MUT",49.2801206920395
"mut_11094192",-7.10233644646933,-2.1813352313983,"differentiating","MUT",53.8273371265094
"mut_23451",-7.61175588769248,-1.69612731609221,"differentiating","MUT",48.9878598837521
"mut_7106394",-7.34881071252158,-1.47012915286895,"differentiating","MUT",47.6513894724412
"mut_12402130",-6.90488676232627,-0.569420224164684,"differentiating","MUT",51.3473800555524
"mut_7090239",-7.24736265343955,-2.58490099582549,"differentiating","MUT",58.4810182294387
"mut_9619663",-7.26472620171836,-2.08372761878844,"differentiating","MUT",60.8642470422285
"mut_14024105",-6.93780807656577,-0.574449842904765,"differentiating","MUT",49.0716321983425
"mut_13455050",-7.68647913140586,-1.79168250236388,"differentiating","MUT",51.0160170607541
"mut_8853911",-7.8998666207247,-2.12646486434813,"differentiating","MUT",52.1668898055689
"mut_7991475",-7.24869207543662,-2.70825972232695,"differentiating","MUT",39.1414838759656
"mut_8261394",-7.15466407937339,-2.17602898750182,"differentiating","MUT",52.633805532355
"mut_7825585",-6.66030887765219,-2.20336057815428,"differentiating","MUT",49.2341944982131
"mut_1348609",-7.7258582512789,-2.52476706180449,"differentiating","MUT",53.0554946215975
"mut_7375535",-7.07222847146323,-2.22931100997802,"differentiating","MUT",51.1096977460681
"mut_12984204",-7.73090032738974,-1.89405693683501,"differentiating","MUT",52.7935207611649
"mut_5627985",-7.58234838647177,-1.84217991504546,"differentiating","MUT",50.7383628020839
"mut_1923894",-6.5036116043978,-1.80047692928191,"differentiating","MUT",48.0629339616689
"mut_6802967",-6.56174472970298,-2.15221359405394,"differentiating","MUT",48.320726660559
"mut_4873382",-6.81568054360678,-1.42097808990355,"differentiating","MUT",53.6431747477188
"mut_1208510",-7.44627432030966,-1.91691877517577,"differentiating","MUT",57.2243461769956
"mut_5773114",-5.84658435982993,-1.83133377704497,"differentiating","MUT",53.4173163451345
"mut_10492107",-7.90550378960898,-2.47871889743682,"differentiating","MUT",56.2289485966386
"mut_8267607",-7.36695722741416,-2.64115347537871,"differentiating","MUT",55.3252790953312
"mut_11208982",-7.74040750665,-1.78725781116362,"differentiating","MUT",50.5910732659002
"mut_11819906",-7.76542333764365,-2.33423974189635,"differentiating","MUT",53.8703098491226
"mut_13440792",-7.0092702309542,-2.56415762576934,"differentiating","MUT",58.4021939708786
"mut_7376261",-7.77707151574424,-2.28892173442717,"differentiating","MUT",57.7003018008107
"mut_7387466",-6.43654779595664,-1.91253878745909,"differentiating","MUT",49.1578593956683
"mut_1362862",-6.86998514336875,-1.39459230575438,"differentiating","MUT",47.9306495273208
"mut_7246134",-7.57169202966025,-2.44268979701873,"precursor-like","MUT",52.0339532516165
"mut_4277086",-6.79588655633261,-1.34411635074492,"differentiating","MUT",45.2459995773515
"mut_2071772",-6.80790046853354,-0.506728848551471,"differentiating","MUT",54.5144732051529
"mut_3121199",-6.78256754082968,-3.21582235965605,"differentiating","MUT",55.9437301502494
"mut_328739",-7.69328645867636,-1.80061270866271,"differentiating","MUT",56.4002834023138
"mut_7385906",-7.5343881050997,-2.5315915552127,"differentiating","MUT",53.0301092076548
"mut_12258847",-5.88278965157798,-2.1315397230136,"precursor-like","MUT",46.0176296411884
"mut_11510429",-7.18105701607993,-1.66360749873992,"differentiating","MUT",54.1616322716911
"mut_773046",-5.92674307030966,-2.12553443584319,"differentiating","MUT",46.5930044314431
"mut_5611408",-7.28193906945517,-1.43689312610503,"differentiating","MUT",56.6803984017031
"mut_4899135",-7.66971353692343,-2.67821683559294,"differentiating","MUT",56.2987890346282
"mut_7254149",-6.69334415597251,-2.43611302051421,"precursor-like","MUT",39.0260077610725
"mut_5927479",-6.98786119622519,-1.87532629642363,"differentiating","MUT",54.7813691578763
"mut_2372064",-4.432883779233,-2.31243958148833,"precursor-like","MUT",37.5562243809182
"mut_12251178",1.13456564145753,-4.42877807292815,"differentiating","MUT",59.9668489407216
"mut_8722268",-7.04990343255332,-1.57994594249602,"differentiating","MUT",57.941091149474
"mut_156364",-7.45920614404013,-2.44749893817778,"precursor-like","MUT",54.667336059311
"mut_14031805",-6.50317100686362,-1.55072261962767,"differentiating","MUT",49.9267063016439
"mut_13429306",-6.07216552895835,-1.77940311107512,"precursor-like","MUT",45.5805380354971
"mut_9753226",-6.70076708001425,-1.60307886276122,"precursor-like","MUT",51.9349579458171
"mut_6946989",-7.44484476250937,-1.7978404966342,"differentiating","MUT",53.6547070471916
"mut_8412379",-6.31456331414511,-2.1100348440158,"differentiating","MUT",47.7431648819774
"mut_7103706",-5.35470251244834,-2.32648577365752,"precursor-like","MUT",40.0787919296246
"mut_14016456",-7.31979803246787,-2.08093681011077,"differentiating","MUT",52.5581599928626
"mut_7986447",-3.90971855325034,-2.1135724988925,"differentiating","MUT",37.0370808928649
"mut_11071137",-6.63531498116782,-1.70511259708281,"differentiating","MUT",51.1825197750564
"mut_1056806",-6.15185836953452,-2.79401912364836,"differentiating","MUT",47.6667126650198
"mut_7987229",-5.93654541177085,-2.33543672237273,"differentiating","MUT",38.107759500319
"mut_25413",-6.27499965829184,-1.99532415542479,"differentiating","MUT",43.7085926086748
"mut_9887253",-7.67492727441123,-2.65838923129912,"differentiating","MUT",52.0517788959738
"mut_5627144",-6.07227996987632,-1.77024318847533,"differentiating","MUT",49.9015498618949
"mut_5917852",-7.74320558709433,-2.12338485393401,"differentiating","MUT",49.7709458194427
"mut_1579",-7.04228595895102,-1.56465365562316,"differentiating","MUT",51.5809365663112
"mut_3415701",-5.93939212960532,-2.16008712921019,"differentiating","MUT",47.0977673330896
"mut_10485930",-7.74153951806357,-2.02967359695311,"differentiating","MUT",54.7334613676673
"mut_2663063",-7.63386873406699,-2.26928593788024,"precursor-like","MUT",56.0625099275848
"mut_4152285",-7.57982305688193,-1.96279563579436,"differentiating","MUT",51.4587828072015
"mut_8271759",-7.61529878777793,-2.53683604869719,"differentiating","MUT",52.0966672320078
"mut_2660795",-6.88438896340659,-2.31972148094054,"differentiating","MUT",49.8277731300491
"mut_9144975",-7.62381796044638,-1.89724363956328,"differentiating","MUT",57.4723201472272
"mut_3689564",-7.28110174340537,-2.44866313609954,"differentiating","MUT",51.4992029276045
"mut_11243225",-6.52747778100302,-2.60364665660735,"differentiating","MUT",49.6628719041119
"mut_11831132",-7.43692068261435,-2.01411749992247,"differentiating","MUT",54.3437752773237
"mut_7552525",-6.95543674630454,-2.08085753593322,"differentiating","MUT",49.8718452205669
"mut_10790033",-7.01005224389365,-2.29548933181639,"differentiating","MUT",52.8558184650425
"mut_10477100",-7.75770334405234,-2.46075334224578,"differentiating","MUT",53.8107299333156
"mut_7407017",-7.1533394257479,-1.48621608886595,"differentiating","MUT",49.2307002940543
"mut_170582",-7.28992609185508,-2.18510248336669,"differentiating","MUT",50.8363795511788
"mut_7404763",-7.03353265923789,-2.61981095943328,"differentiating","MUT",56.3251384768202
"mut_9733284",-7.08575491112998,-2.25950779590483,"differentiating","MUT",53.1471973424956
"mut_4006366",-7.14471105737021,-1.24920417938109,"differentiating","MUT",55.3712352082652
"mut_2227628",-7.09250883263877,-1.9957461563098,"differentiating","MUT",53.9287748909096
"mut_11665586",-6.35309080285361,-1.98044504794951,"precursor-like","MUT",50.6262138974344
"mut_2235701",-7.80379060906699,-2.42774929675933,"differentiating","MUT",53.9171489068987
"mut_3985214",-7.47374109429648,-2.33870746765013,"differentiating","MUT",58.635417723508
"mut_8418458",-6.20888570946982,-2.30198027763243,"precursor-like","MUT",49.7155268282081
"mut_8995970",-6.07860902947715,-2.24793948802825,"differentiating","MUT",47.0104846138278
"mut_5634436",-5.92542127770713,-2.23298706683989,"precursor-like","MUT",47.2298757679903
"mut_1352516",-7.33199457330039,-2.2296328750598,"differentiating","MUT",53.4703439708529
"mut_6806079",-7.50165037316611,-2.29685892734404,"precursor-like","MUT",52.1407613925824
"mut_1361303",-6.76046899956992,-1.43641044769164,"differentiating","MUT",49.3780617568544
"mut_10792729",-6.62991527718833,-1.61004342708464,"differentiating","MUT",54.9535237155487
"mut_6660165",-6.79472402734091,-2.27911235961791,"differentiating","MUT",49.7786405320635
"mut_12993493",-7.79999498528769,-2.34056880149718,"differentiating","MUT",57.1076679192003
"mut_9755927",-4.59282402200034,-2.21237721118804,"precursor-like","MUT",40.7567485625532
"mut_6816771",-7.78224996728232,-2.50734724674102,"differentiating","MUT",56.0383285976545
"mut_7548736",-7.08357862633994,-2.22349693450804,"differentiating","MUT",48.8257297734732
"mut_6957403",-5.7388878266268,-1.88728024635192,"differentiating","MUT",44.0643090070693
"mut_8712653",-6.7239895264559,-2.40371288928862,"differentiating","MUT",52.8646632129619
"mut_8710728",-7.60138563317588,-1.86100210819121,"differentiating","MUT",53.3353897575852
"mut_11513514",-6.58177189034751,-0.632902195786197,"precursor-like","MUT",48.5104925391476
"mut_2525595",-7.21183065575888,-2.49419130954619,"differentiating","MUT",52.6998241847702
"mut_5483611",-7.20088342828086,-1.19782688293334,"differentiating","MUT",55.5847884068432
"mut_181642",-7.36494020623496,-1.93278886947509,"differentiating","MUT",49.9012372656221
"mut_10484387",-6.94030288857749,-1.81662716541167,"differentiating","MUT",52.6062133021949
"mut_11217828",-7.20266012353232,-1.76687528762694,"differentiating","MUT",51.9575042238109
"mut_6657478",-7.40985540551474,-2.59376539859648,"differentiating","MUT",50.8211680583876
"mut_26197",-5.52601484460166,-2.09040274295684,"precursor-like","MUT",45.2511074328665
"mut_11235549",-7.29266313714316,-1.88748635921355,"differentiating","MUT",53.009162837936
"mut_8427360",-7.68229917687705,-2.22409858379241,"differentiating","MUT",54.7147196086086
"mut_10491268",-6.78172926110556,-2.51838221225615,"differentiating","MUT",51.8842176773486
"mut_2660749",-7.20776514214804,-1.17332681093093,"differentiating","MUT",53.3792203864863
"mut_9739081",-6.39742283028891,-1.74444522533293,"differentiating","MUT",41.7055972314361
"mut_8412703",-7.71695379418662,-2.11417486343261,"precursor-like","MUT",52.107278896212
"mut_13726553",-4.681654016202,-2.59563126239653,"precursor-like","MUT",41.8215410129568
"mut_5194847",-7.92129472894004,-2.52345766696807,"differentiating","MUT",56.8548583786018
"mut_1352486",-6.72169450921347,-2.50809874210234,"differentiating","MUT",52.1951530205634
"mut_8577095",-5.2703729073458,-1.90100612316008,"precursor-like","MUT",48.1559236451315
"mut_8733779",-7.05927328271201,-1.48106910858031,"differentiating","MUT",56.9866611070524
"mut_13585604",-5.30793003243735,-2.18693151149626,"precursor-like","MUT",41.6702941246449
"mut_2233357",-7.13896803063681,-1.87128975067015,"differentiating","MUT",54.4597828725397
"mut_7381280",-6.13113216561606,-2.32767810497161,"precursor-like","MUT",51.5255491247673
"mut_1185457",-7.02247814339926,-1.45774795684691,"differentiating","MUT",48.4666848383907
"mut_5606438",-5.55694345635703,-2.17080356750365,"precursor-like","MUT",41.0230347849469
"mut_7676168",-7.41894487542441,-1.72971262607451,"differentiating","MUT",48.3363274760065
"mut_900179",-7.70604376000693,-2.17937781486388,"differentiating","MUT",51.5568863031544
"mut_8559778",-7.67246393365195,-2.53112139377471,"differentiating","MUT",56.153213825964
"mut_10037447",-6.79259256524375,-1.36849429283019,"differentiating","MUT",41.5296550075118
"mut_4426028",-6.8913503090792,-2.30642940673705,"differentiating","MUT",50.7414751268241
"mut_7381307",-4.95990280312827,-2.2467136589038,"precursor-like","MUT",47.5754645645676
"mut_4754343",-7.61380438012412,-1.91005482349272,"differentiating","MUT",49.6892387770066
"mut_7251162",-5.59047035378745,-2.12830271396514,"differentiating","MUT",49.5401125017646
"mut_1328701",-7.69557146233847,-2.65849413547393,"differentiating","MUT",58.3176783676675
"mut_5178644",-7.66963533562949,-2.33255889091368,"differentiating","MUT",56.7256642014758
"mut_3248712",-6.43512109917929,-2.07181503448363,"differentiating","MUT",48.4557056252376
"mut_7675811",-6.61061004800132,-1.84870006713744,"differentiating","MUT",52.0033445216945
"mut_4280520",-7.19931558770468,-1.8623472658145,"differentiating","MUT",53.5749510067683
"mut_10347337",-6.90838865441611,-2.49123015079375,"differentiating","MUT",55.3131792382349
"mut_1214265",-7.52409605187705,-1.79252888831969,"differentiating","MUT",50.1280509950715
"mut_7099075",-7.646826307004,-2.47288694057341,"differentiating","MUT",50.2107828515729
"mut_9766703",-7.40418676537802,-2.04778506431456,"differentiating","MUT",55.5827736989555
"mut_9298989",-7.74351839227011,-2.452064415549,"differentiating","MUT",52.1285601957513
"mut_4007873",-6.77549366158774,-2.38175716075774,"differentiating","MUT",48.6978868601849
"mut_9325144",-6.14971975487998,-2.49378838214751,"precursor-like","MUT",44.4404931177735
"mut_912848",-7.57768301171591,-1.87790550861235,"differentiating","MUT",50.580549379532
"mut_8733340",-7.03905109566977,-2.42661323222991,"differentiating","MUT",47.8679835787882
"mut_1335626",-6.41261581582358,-1.64963533553954,"differentiating","MUT",44.1857514761512
"mut_7385931",-4.45634321374228,-2.45985259685393,"precursor-like","MUT",37.3911500749299
"mut_11172",-7.11655811471274,-1.34737982425566,"differentiating","MUT",48.5240902974412
"mut_2536020",-5.87944225472739,-2.25256349716063,"precursor-like","MUT",45.7127524438325
"mut_2510260",-7.31647066277793,-1.3500883189189,"differentiating","MUT",53.0482280221366
"mut_11664811",-5.73967127007773,-1.79199196967955,"differentiating","MUT",46.7748672222515
"mut_5927431",-7.5489726464205,-2.59695877704497,"differentiating","MUT",53.6168158626073
"mut_6065336",-6.34204534692099,-1.77063407573577,"differentiating","MUT",51.6225886980157
"mut_10349999",-6.94410852593711,-1.84357478294249,"differentiating","MUT",55.7681750947056
"mut_8285221",-5.56723121804526,-2.42113413486357,"precursor-like","MUT",41.681869393161
"mut_8861185",-5.90664247674277,-2.24973585281249,"precursor-like","MUT",38.462056592415
"mut_9013257",-6.64545826119712,-2.43826164874907,"differentiating","MUT",53.333706693389
"mut_2534449",-7.26257948083213,-1.38759126338835,"differentiating","MUT",54.1256418009048
"mut_1211541",-6.53737405938437,-2.20456506881591,"differentiating","MUT",51.4733601902925
"mut_5631409",-6.19626907510092,-2.27170290622588,"differentiating","MUT",47.2335151846915
"mut_8719156",-7.5734563271456,-2.31079985771056,"differentiating","MUT",59.8541575647754
"mut_156341",-5.47870639962485,-2.08758594665404,"precursor-like","MUT",41.0902143038448
"mut_6051870",-6.43649868172934,-2.19881083640929,"differentiating","MUT",49.0561720565303
"mut_14016786",-5.60467390221884,-2.18327369365569,"precursor-like","MUT",38.2669049989819
"mut_13584402",-6.85325245065024,-1.43490996036406,"differentiating","MUT",55.1328293301091
"mut_4145365",-7.76801256341269,-2.19012369785186,"differentiating","MUT",58.41083896161
"mut_467714",-7.58900312585166,-2.28064157638427,"differentiating","MUT",57.6102279488641
"mut_7232716",-6.60935596627524,-2.46176471385833,"differentiating","MUT",54.2391154236913
"mut_11536929",-6.79534963769248,-2.53638257655974,"differentiating","MUT",53.078551916442
"mut_1650514",-7.02319292229941,-2.31001951370116,"differentiating","MUT",49.7233148725181
"mut_6817187",-7.65552477044394,-2.04642834339019,"differentiating","MUT",49.7063119921264
"mut_10353808",-7.14176086587241,-2.3105085102069,"differentiating","MUT",48.1326619731062
"mut_5916737",-7.71752409142783,-2.20336224708434,"differentiating","MUT",56.7462599648315
"mut_1509180",-6.69569019479087,-2.62433399829741,"differentiating","MUT",56.2089225471964
"mut_6341031",-6.91998438042929,-2.32209839496489,"differentiating","MUT",43.9543850493656
"mut_8413083",-7.52822450799277,-2.40485229167815,"differentiating","MUT",54.4476537205651
"mut_10649151",-7.65019659203818,-2.33458676013823,"differentiating","MUT",51.7279130563854
"mut_13744162",-7.69337324303916,-2.73222818050261,"differentiating","MUT",59.6443035138246
"mut_11222489",-6.10447315377524,-2.25261761817809,"differentiating","MUT",46.7602292231366
"mut_13005358",-5.68255905312827,-2.32701708946105,"differentiating","MUT",42.286612150281
"mut_7089470",-6.54042390984824,-2.43600525531646,"differentiating","MUT",48.8773106177226
"mut_9737917",-6.86562017602256,-2.09586944255706,"differentiating","MUT",53.2723709487424
"mut_4305449",-6.86591676873496,-0.917836031054218,"differentiating","MUT",46.7109343767859
"mut_6793405",-4.97472099465659,-2.2405724731433,"precursor-like","MUT",38.3941335324281
"mut_6793384",-5.3126354615145,-1.92038848075743,"precursor-like","MUT",52.5856793170449
"mut_13425821",-6.07093338174155,-1.73686446819182,"differentiating","MUT",38.5411192099765
"mut_13005321",-7.07833389443686,-2.13958825740691,"differentiating","MUT",55.1700910803026
"mut_9606586",-7.37949613732627,-1.81771769199248,"differentiating","MUT",56.2457403901898
"mut_10039346",-7.28883413476279,-2.17299785289641,"differentiating","MUT",51.4494113488997
"mut_8435796",-6.67122415704062,-2.24716963443633,"precursor-like","MUT",53.8021285601908
"mut_10792736",-6.79030183953574,-0.698027452563007,"differentiating","MUT",49.6197562402872
"mut_2360114",-6.89897445840171,-2.43655981693145,"differentiating","MUT",48.7998012844632
"mut_8271018",-7.12861351174643,-2.51366319332,"differentiating","MUT",47.8741906055769
"mut_12990344",-6.71805051965049,-2.40751614246245,"differentiating","MUT",44.2461448945363
"mut_5468945",-6.83255485696128,-2.75649156246062,"differentiating","MUT",55.4387562291089
"mut_2224142",-7.39084581536582,-2.03883530769225,"differentiating","MUT",44.4921904116874
"mut_1340607",-5.72990659875205,-2.10444059047576,"precursor-like","MUT",47.6044936994617
"mut_8861965",-6.46117643517783,-1.5720195976245,"differentiating","MUT",43.7518211823586
"mut_10032020",-7.0943565766268,-1.93176510009642,"differentiating","MUT",52.1655607679788
"mut_12714284",-6.90413622063925,-2.70731105480071,"differentiating","MUT",52.84494377898
"mut_8421949",-7.67112020654013,-2.5266927686679,"differentiating","MUT",51.9826667408475
"mut_13285669",-6.9408617417269,-0.462955808376033,"differentiating","MUT",48.4980730503158
"mut_9890372",-6.14627174538901,-2.16748835716124,"precursor-like","MUT",53.4799169877391
"mut_8708802",-6.6459775368624,-2.58058657321807,"differentiating","MUT",47.5373087429598
"mut_8137768",-6.29913381737998,-2.58665837917205,"differentiating","MUT",39.4238856496837
"mut_9299787",-7.04532293481162,-2.59529151592131,"precursor-like","MUT",52.8491493331916
"mut_11824560",-6.20340255898764,-2.40968932781096,"precursor-like","MUT",53.6205007718297
"mut_9916035",-7.78517488641074,-2.36294843826171,"differentiating","MUT",56.6476786802447
"mut_4157199",-6.82592729729941,-1.61984302673217,"differentiating","MUT",47.0628909412962
"mut_7253078",-5.71826080483725,-2.17606820735808,"precursor-like","MUT",41.65400566293
"mut_477771",-7.04138521355918,-1.74524321231719,"differentiating","MUT",53.318691476455
"mut_6353315",-7.26863340539267,-1.99332239303466,"differentiating","MUT",47.5086507515592
"mut_12851718",-7.08372501534751,-1.87723042640563,"differentiating","MUT",47.9219843310592
"mut_4751296",-6.94562391442588,-2.54458202991362,"differentiating","MUT",46.3841495272954
"mut_12842591",-6.88276533288291,-2.66583408985015,"differentiating","MUT",57.1021012712319
"mut_11075025",-5.27902940911582,-2.3768406120288,"precursor-like","MUT",38.9611132411959
"mut_12982335",-7.06307176751425,-2.30059029731627,"differentiating","MUT",55.6523156705657
"mut_9614675",-6.53409437341025,-2.07747223052855,"differentiating","MUT",46.6925293845505
"mut_11673601",-7.15101675195029,-2.17613734874602,"differentiating","MUT",49.6105509987227
"mut_6796092",-6.82717851800254,-2.56584920558806,"differentiating","MUT",41.8814367922758
"mut_7404674",-6.6888618866854,-2.30582441959258,"differentiating","MUT",49.6397701612728
"mut_916225",-6.57810596627524,-2.59140433940764,"differentiating","MUT",58.7359946602402
"mut_175158",-5.86361793679526,-2.0112673250186,"precursor-like","MUT",41.0362807429795
"mut_4449067",-5.04044584435752,-2.27307727012511,"precursor-like","MUT",45.6574852107968
"mut_9466460",-7.7329965035372,-2.43785776767607,"differentiating","MUT",54.2430723353599
"mut_6934304",-7.83914331597617,-2.46240796718474,"differentiating","MUT",52.857315343971
"mut_6938503",-4.52978185815146,-2.37065364990111,"precursor-like","MUT",39.2173780048019
"mut_3551234",-7.67362836999228,-2.00646855506774,"differentiating","MUT",51.9524582996343
"mut_5615262",-7.09670547646811,-2.14239420566436,"differentiating","MUT",53.6566868832053
"mut_4310444",-6.23914674920371,-1.96604647312041,"differentiating","MUT",48.4478192694287
"mut_2802092",-7.43288568658164,-4.60113372478362,"differentiating","MUT",58.4859107794399
"mut_10488228",-6.34183220071128,-2.17653336200591,"precursor-like","MUT",48.1578225612359
"mut_12258136",-7.5903134743624,-2.2578755823123,"differentiating","MUT",45.5605858267544
"mut_5043153",-6.7965050141268,-2.08921482238646,"precursor-like","MUT",49.2935785476848
"mut_4725154",-7.6296143929415,-2.39523448619719,"differentiating","MUT",54.3063107524128
"mut_6353737",-6.57555298013022,-2.51621021900054,"precursor-like","MUT",39.7178833364245
"mut_5479363",-5.84717945260337,-1.76051475677367,"precursor-like","MUT",40.3954766775552
"mut_6522720",-6.29490284127524,-2.1468030420291,"precursor-like","MUT",42.8050583286827
"mut_13126719",-7.41509870690634,-2.52995910320159,"differentiating","MUT",58.5926393463201
"mut_7683863",-7.03582529229453,-1.05602099571105,"differentiating","MUT",47.5931461210769
"mut_9883013",-7.1364732186251,-2.71531858119841,"differentiating","MUT",52.9831536236164
"mut_10919851",-7.07145408791831,-2.17835118446227,"differentiating","MUT",55.0041881009191
"mut_1179743",-4.30728916329673,-2.16148521575804,"precursor-like","MUT",39.2040926618309
"mut_8482",-6.85892681283286,-2.32004120025511,"differentiating","MUT",50.8730943783396
"mut_6370636",-4.87141040963462,-2.45131339702483,"precursor-like","MUT",51.7162507559028
"mut_4590008",-6.70601371926596,-1.55089845332976,"differentiating","MUT",43.6389756971692
"mut_1936575",-7.12376312417319,-1.70422031555053,"differentiating","MUT",51.4198480302185
"mut_13725735",-6.18992809457114,-2.32350124988433,"precursor-like","MUT",47.7658559698527
"mut_11217499",-7.26155714196494,-2.21430315647002,"differentiating","MUT",41.0599828469835
"mut_13446534",-6.8939023415499,-2.14657988223906,"differentiating","MUT",56.9575535550371
"mut_8278663",-6.5201926629,-2.40445508632537,"differentiating","MUT",51.7676425659428
"mut_3544744",-7.02437309426596,-2.63853206310149,"differentiating","MUT",44.9416042880022
"mut_9446109",-7.14714626473716,-1.96330907020446,"differentiating","MUT",50.782191362066
"mut_1480761",-7.15486196679404,-2.4664961305606,"differentiating","MUT",55.0250192207547
"mut_5638712",-7.0540995995455,-2.66137613925811,"differentiating","MUT",51.465292659905
"mut_9892696",-7.3370290200167,-2.44260801944609,"precursor-like","MUT",54.4503911217475
"mut_10040504",-7.76180318993857,-2.16577400836821,"differentiating","MUT",53.4159555271274
"mut_13441168",-7.24832014245322,-1.20719142827864,"differentiating","MUT",56.6133112474669
"mut_4895244",-7.46604494256308,-2.0811931100833,"differentiating","MUT",52.234166255261
"mut_2232633",-5.3841162125521,-2.12397660884734,"precursor-like","MUT",45.1612806427784
"mut_10497036",-5.925710241025,-2.12322308692809,"precursor-like","MUT",42.280556983963
"mut_13436593",-5.30171350640586,-2.19311084422942,"precursor-like","MUT",47.143087747826
"mut_8731055",-7.19909433526328,-1.91490676078673,"differentiating","MUT",40.0448435386668
"mut_8275994",-4.56477407616904,-2.32162859115477,"precursor-like","MUT",42.1177234135475
"mut_7974599",-6.66428999108603,-1.43768908653136,"differentiating","MUT",43.9090395232887
"mut_1482263",-7.47727827233603,-2.50920500430938,"differentiating","MUT",52.024678751307
"mut_6206683",-5.70662693185141,-1.89433040294524,"precursor-like","MUT",38.2946995911753
"mut_6635591",-5.34021047753623,-2.22532655868407,"precursor-like","MUT",39.8752390508274
"mut_7966099",-6.23338369530966,-2.31822707328673,"differentiating","MUT",45.0969381640721
"mut_12418572",-5.82300523919394,-2.08087803993102,"precursor-like","MUT",38.479706404104
"mut_4154145",-6.27782539529135,-2.38248982105132,"differentiating","MUT",47.6371584913389
"mut_12714674",-6.66203025979331,-2.60869397792693,"precursor-like","MUT",51.5058309865692
"mut_11664822",-7.03675178689292,-1.46112277183409,"differentiating","MUT",50.9250589993856
"mut_8554759",-6.84577421349814,-1.37531139526244,"differentiating","MUT",52.5989089654073
"mut_2215303",-7.11113123101523,-2.55813302669402,"differentiating","MUT",57.4962658025521
"mut_1036095",-6.64826826257041,-2.56089963588591,"differentiating","MUT",46.1016853298105
"mut_14031374",-4.98208765191367,-1.30072410974379,"differentiating","MUT",47.1729395385332
"mut_8416169",-7.01613668603232,-1.71587469253417,"differentiating","MUT",45.8853084745343
"mut_1032207",-7.76431135339072,-2.24083294544097,"precursor-like","MUT",52.7602376722802
"mut_2534828",-7.30219225091269,-1.90646543178435,"differentiating","MUT",50.4379383925089
"mut_9290126",-5.36023573083213,-2.27737095031615,"precursor-like","MUT",49.1707967117811
"mut_6808002",-4.82492498559287,-2.22816302451964,"precursor-like","MUT",39.4914660149602
"mut_7095554",-5.80399994057944,-1.88170947704192,"precursor-like","MUT",41.3082490106371
"mut_8279043",-5.62766985101035,-2.08549489650603,"precursor-like","MUT",37.4451601848317
"mut_8289074",-6.8838229576998,-2.33404781494017,"differentiating","MUT",40.1551740819302
"mut_4298932",-5.67294220132163,-2.21361293468352,"precursor-like","MUT",40.9944556864838
"mut_13127495",-7.08311180276206,-1.34866192016478,"differentiating","MUT",54.0675513458976
"mut_10327769",-7.14839224023154,-2.59131374034758,"differentiating","MUT",43.1896600306423
"mut_9147695",2.0758858521528,-5.79514684352751,"differentiating","MUT",57.9392170238493
"mut_2241497",-6.20652727288535,-1.46173789176818,"precursor-like","MUT",41.0074506701689
"mut_8287106",-6.99549631280234,-2.38444366130706,"differentiating","MUT",45.1252824668118
"mut_9471448",-6.35119442147544,-1.74531163844939,"precursor-like","MUT",51.4560961983211
"mut_9752451",-6.45841221017173,-2.18014123115416,"differentiating","MUT",41.2492592063235
"mut_2093223",-7.70971254510215,-2.08597697887297,"differentiating","MUT",57.8159465532108
"mut_10496643",-5.73735193414023,-2.21402587566252,"precursor-like","MUT",40.7061776885842
"mut_10035540",-7.22722772759726,-1.7412215677249,"differentiating","MUT",54.2048175996067
"mut_3714488",-7.19466451806357,-2.19706561241027,"differentiating","MUT",56.4334933632035
"mut_9024442",-7.06631998223593,-2.54054512653228,"differentiating","MUT",57.9679392007755
"mut_6805315",-6.88126663369467,-2.58806600246306,"differentiating","MUT",57.8049303616486
"mut_2511364",-6.8970384995394,-1.39901425514098,"differentiating","MUT",47.3318983694078
"mut_6355610",-7.02124504250815,-1.68628730449553,"differentiating","MUT",51.4281382772089
"mut_8873",-5.77641014260581,-2.11444689903136,"differentiating","MUT",44.8926494128038
"mut_10764295",-7.06877569360068,-1.24722751054641,"differentiating","MUT",51.9170394684058
"mut_9473301",-6.98666862649253,-2.55699553165313,"differentiating","MUT",56.8750249824077
"mut_13445063",-7.24009660882285,-2.59837546024199,"differentiating","MUT",52.516704467892
"mut_7847811",-6.8475156227999,-2.46648897800322,"differentiating","MUT",53.1024697897568
"mut_10503570",-5.46131042641928,-2.15879764232512,"precursor-like","MUT",40.1485739355808
"mut_11217884",-4.43074659508994,-2.58964123401519,"precursor-like","MUT",36.2735430622921
"mut_7087967",-4.46432785195639,-2.59097613963958,"precursor-like","MUT",35.7232155831747
"mut_6515360",-7.66077379388144,-2.24584009322997,"differentiating","MUT",51.1262824905324
"mut_13144727",-6.43143705529502,-2.22995164070006,"differentiating","MUT",45.2110143825707
"mut_447801",-6.75952676934531,-1.48882093105193,"differentiating","MUT",49.364438285472
"mut_4144903",-6.92037538689902,-2.33746840629454,"differentiating","MUT",49.7764519321026
"mut_3544332",-4.55834678811362,-2.2653789726245,"precursor-like","MUT",39.8405641070358
"mut_7106780",-4.68830351037314,-2.43271031055327,"precursor-like","MUT",35.6100113883097
"mut_5781574",-7.13996652764609,-1.53578605327483,"differentiating","MUT",52.8610358972814
"mut_2688851",-6.16727737588217,-2.08534946117278,"differentiating","MUT",45.8316311096821
"mut_8272593",-6.46060709161093,-2.50809540424224,"differentiating","MUT",54.4036523336426
"mut_2367749",-5.92381672066977,-1.4836327043521,"precursor-like","MUT",37.6461200532233
"mut_14013783",-7.14094785851767,-2.6609951463687,"differentiating","MUT",51.8949438971922
"mut_12714292",-7.58458666009238,-2.5603100267398,"differentiating","MUT",52.4202082150439
"mut_5478551",-7.00397066277793,-2.16237797412749,"differentiating","MUT",50.4999422482497
"mut_9150407",-6.99505428475669,-2.09631790790435,"differentiating","MUT",48.7657682530583
"mut_7526868",-7.45764211816123,-2.62931289348479,"differentiating","MUT",40.1263774271706
"mut_2823257",-5.58705953759482,-2.15155281696196,"differentiating","MUT",37.1887571284437
"mut_10764750",-6.95124105614951,-2.11855067882415,"differentiating","MUT",51.8402951159155
"mut_14021075",-5.3021808068209,-2.05826427612181,"precursor-like","MUT",46.8258879856589
"mut_8584013",-6.75204900903037,-1.47400023612853,"differentiating","MUT",54.7703942456632
"mut_13003462",-7.57210020226767,-2.49430050525542,"differentiating","MUT",52.4080528974555
"mut_11220867",-6.56929067773154,-2.43522991809722,"differentiating","MUT",49.0969273544087
"mut_5179857",-7.77266554040244,-2.59202685031768,"differentiating","MUT",57.0539650953336
"mut_5192483",-5.34661297005942,-2.34102847251769,"precursor-like","MUT",39.6656468902471
"mut_2959508",-6.37123684090903,-1.88212980899688,"differentiating","MUT",52.9284936482922
"mut_7106383",-4.89339737099936,-2.38474836025115,"precursor-like","MUT",37.6636460735248
"mut_1490314",-7.05538229150107,-1.65405001315947,"differentiating","MUT",54.5447911391228
"mut_11060383",-7.74488786858847,-2.35219528350707,"differentiating","MUT",56.7080248723643
"mut_8709207",-6.31159786385825,-2.55294456157561,"differentiating","MUT",40.0620017997478
"mut_2247225",-7.38916448754599,-2.39660896930571,"differentiating","MUT",47.850742354165
"mut_8553222",-5.66850284737876,-2.25952019367095,"differentiating","MUT",49.0736884136285
"mut_6195894",-7.06983045739463,-1.23113521013137,"differentiating","MUT",48.0485379097001
"mut_9024063",-6.97262243432334,-2.44304861698027,"differentiating","MUT",48.5009827890017
"mut_10791177",-4.82798818749716,-2.31200971279021,"precursor-like","MUT",40.8785275123896
"mut_9143476",-5.72107748193076,-1.99506332549926,"differentiating","MUT",38.913916240007
"mut_10642950",-6.85643676919272,-0.641029557322223,"differentiating","MUT",50.1093212933235
"mut_6368323",-6.84854034585288,-2.41875018749114,"differentiating","MUT",41.5971045816383
"mut_2663427",-6.74332145852378,-2.46954645786162,"differentiating","MUT",55.3547663082812
"mut_4161439",-5.34723714989951,-2.16675510082122,"precursor-like","MUT",38.3937072904298
"mut_10355339",-5.68706039590171,-2.09661366615172,"precursor-like","MUT",42.8506907700617
"mut_10340802",-6.3644342820101,-1.92792369994994,"differentiating","MUT",40.5769586124804
"mut_5015878",-7.33601240319541,-2.18686463508483,"differentiating","MUT",55.8182361863449
"mut_13421650",-7.57036165398886,-2.25651063594695,"differentiating","MUT",56.2205122027795
"mut_8433118",-6.32771066827109,-2.11008908424254,"precursor-like","MUT",38.400136100711
"mut_1944642",-7.69780973595908,-2.08530285034056,"differentiating","MUT",56.4069747515557
"mut_1947718",-6.86833576363852,-1.50746240291472,"differentiating","MUT",53.457406143351
"mut_8879253",-5.32577375573447,-2.17951669368621,"precursor-like","MUT",40.314710426907
"mut_9587717",-7.16108564538291,-2.38731326732512,"differentiating","MUT",58.550279038717
"mut_745747",-6.03863672417929,-2.12969638976928,"precursor-like","MUT",39.081137936228
"mut_475064",-5.16585544747641,-2.24825479659911,"precursor-like","MUT",37.739363187182
"mut_5463951",-5.7692685524874,-1.969398399924,"differentiating","MUT",41.34646763265
"mut_4442517",-4.6888070504122,-2.25219120654937,"precursor-like","MUT",40.5630141144094
"mut_27328",-6.31173566979697,-1.96679129276152,"precursor-like","MUT",52.2068007496842
"mut_3113156",-7.72519830865195,-1.87161280784484,"differentiating","MUT",52.5888498238214
"mut_14012558",-6.50992540520957,-1.41608311805602,"precursor-like","MUT",55.092027869605
"mut_3123496",-7.2034840981417,-1.73579742584105,"differentiating","MUT",54.9936417484754
"mut_3552037",-6.92278103036216,-2.58778347644683,"differentiating","MUT",53.8428870871629
"mut_11362642",-6.53855899972251,-1.848379990195,"differentiating","MUT",55.3341007923805
"mut_8567879",-6.64853433770468,-1.31126358184691,"differentiating","MUT",48.1666178795227
"mut_7097935",-7.81852487725547,-2.40290488872405,"differentiating","MUT",55.6318433764865
"mut_8146235",-7.24097208184531,-2.18067326221343,"differentiating","MUT",55.9063467673128
"mut_6965385",-7.36882738274863,-2.59930267009612,"differentiating","MUT",43.2315325998421
"mut_13283348",-7.53812650842002,-2.17791416320678,"differentiating","MUT",50.9472641097792
"mut_12687386",-6.1730132500582,-2.51723899516936,"precursor-like","MUT",47.3839694396327
"mut_5618746",-7.58329538506797,-1.70726265582915,"differentiating","MUT",45.3506036571291
"mut_11070727",-6.50655416650107,-1.84689380798217,"differentiating","MUT",52.7325821576354
"mut_11959317",-7.26012376946738,-2.06697215709563,"differentiating","MUT",52.1528002375876
"mut_4279384",-5.58596805733969,-2.0361811128604,"precursor-like","MUT",40.1405283984634
"mut_12250428",-7.22183660668662,-1.60958959731932,"differentiating","MUT",52.7960529253518
"mut_10032405",-6.11844400567343,-2.31124784622069,"precursor-like","MUT",43.0589026760844
"mut_3276749",-6.35965828103354,-2.45647277507659,"differentiating","MUT",48.8586120707694
"mut_9606944",-4.66775755090049,-2.21921398315306,"precursor-like","MUT",42.1974917792449
"mut_2983351",-5.52991346520713,-2.19312348041411,"precursor-like","MUT",40.2501327900645
"mut_7973035",-5.97101978463462,-2.11319472465392,"differentiating","MUT",52.8597041073726
"mut_2368133",-6.93144468468955,-2.57950820598479,"differentiating","MUT",52.359939847184
"mut_1032228",-7.38670210046103,-2.68313469562407,"differentiating","MUT",46.115480085133
"mut_12107609",-7.54034189385703,-2.2423681226718,"differentiating","MUT",56.0909740913698
"mut_3566606",-6.58171562356284,-2.57872595462676,"differentiating","MUT",53.9022692480515
"mut_12976897",-6.95705227059653,-2.64874758396025,"differentiating","MUT",50.8848270384467
"mut_4285838",-5.73743204278281,-1.97491159114714,"differentiating","MUT",38.6504308328705
"mut_1797202",-7.0782080094271,-2.30107798251982,"differentiating","MUT",50.7860124063993
"mut_3698010",-7.59172205132773,-2.75031795177336,"differentiating","MUT",52.2617254035537
"mut_1498378",-7.81636766595175,-2.52249707851287,"differentiating","MUT",49.5859514135032
"mut_4291244",-5.95872501534751,-2.03833367500182,"differentiating","MUT",39.9428166812487
"mut_9164246",-6.46125463647177,-2.07842614326354,"precursor-like","MUT",50.4513004443412
"mut_3399230",-6.25552467507651,-2.47285308513518,"differentiating","MUT",52.6649091202757
"mut_2097409",-7.01125768822959,-1.74422182712432,"differentiating","MUT",54.6478681936269
"mut_4882268",-5.48171810311606,-2.22390653762694,"precursor-like","MUT",38.4526475484921
"mut_12108340",-6.73227647942832,-2.5490464178073,"differentiating","MUT",53.5279413257455
"mut_31144",-7.18206648034384,-2.24388708743926,"differentiating","MUT",49.4035236296756
"mut_7261449",-5.09302953881552,-2.54024543437834,"precursor-like","MUT",47.7915025646897
"mut_8293668",-6.22462228936484,-2.34576644573088,"differentiating","MUT",50.5340493275192
"mut_4749381",-5.57656006020835,-2.10771395835753,"precursor-like","MUT",42.9739803081987
"mut_10795795",-5.09539894265464,-2.2714824882495,"precursor-like","MUT",38.475779394471
"mut_9031356",-5.48674158257773,-2.17956080112334,"precursor-like","MUT",37.9979360698878
"mut_10776655",-7.0387678543978,-1.73360492858763,"differentiating","MUT",47.1224977129893
"mut_9169182",-5.9618635575228,-2.19356574687834,"precursor-like","MUT",54.0280138803621
"mut_7534910",-5.1372409264498,-2.17047514591094,"precursor-like","MUT",39.8499635410596
"mut_6667065",-7.37211755914023,-1.95917656097289,"differentiating","MUT",52.1286731069838
"mut_8575880",-6.10592035455039,-1.87836863670226,"precursor-like","MUT",39.2074143138294
"mut_4131876",-6.83981327218344,-2.41396464977141,"differentiating","MUT",57.5569031588843
"mut_2530622",-6.60238174599936,-2.43855132732268,"differentiating","MUT",48.1609981781774
"mut_3693733",-7.34166006249716,-2.02351500663634,"differentiating","MUT",50.1355785164034
"mut_2246464",-5.30375007790854,-2.17326774272795,"precursor-like","MUT",45.7657795396496
"mut_10479806",-5.96800378960898,-2.25022771034117,"differentiating","MUT",40.3145239365919
"mut_6818780",-5.06166080636313,-2.32836331996794,"precursor-like","MUT",39.5143578522617
"mut_8423820",-5.95247654122641,-2.30784537467833,"precursor-like","MUT",43.7965236553956
"mut_11525009",-7.12918285531333,-1.89137282047148,"differentiating","MUT",53.7288859619017
"mut_1361331",-6.88433269662192,-2.52023877773162,"differentiating","MUT",47.4731453906092
"mut_9169611",-6.84128956002524,-1.42844845924254,"differentiating","MUT",50.7899525725138
"mut_11357206",-6.61519912881186,-2.32787635002013,"differentiating","MUT",50.490811664419
"mut_330718",-5.68840173882773,-1.9573590961444,"precursor-like","MUT",40.1666409218118
"mut_12098002",-5.59557966393759,-2.09563603076812,"precursor-like","MUT",43.1574297212228
"mut_13713832",-7.23961214227011,-2.08964230689879,"differentiating","MUT",55.6095811084601
"mut_12560667",-6.02810911340049,-2.15423919830199,"precursor-like","MUT",51.6370702207813
"mut_9896084",-7.26997427148154,-1.51902248535033,"differentiating","MUT",55.0465909308796
"mut_5484328",-6.410742322629,-2.30563285026427,"differentiating","MUT",48.7275836747223
"mut_4894088",-6.54308847588828,-2.70379438075896,"differentiating","MUT",42.7367901618302
"mut_749189",-7.03160719079306,-2.35562779579039,"differentiating","MUT",48.0367071171525
"mut_593754",-6.83918909234336,-2.29523613128539,"differentiating","MUT",47.3446668254799
"mut_5756579",-5.80156664056113,-2.02399518165465,"precursor-like","MUT",38.5200672514041
"mut_9913788",-6.13433221978476,-2.24020912322875,"differentiating","MUT",51.0858554765928
"mut_13589420",-7.17435173196128,-2.26554300460692,"differentiating","MUT",50.9899716207206
"mut_12851783",-7.55850080651572,-2.66081919345732,"differentiating","MUT",58.3557690347235
"mut_7380870",-5.66614631814292,-2.29223313007231,"precursor-like","MUT",38.2112152564563
"mut_3991347",-7.38952879113486,-2.52584685954924,"differentiating","MUT",53.7179056867018
"mut_8123907",-7.438574353879,-1.78251578483458,"differentiating","MUT",51.4261886998329
"mut_3545500",-4.73320106667807,-2.41912855777617,"precursor-like","MUT",43.1111087758493
"mut_12263042",-6.87211994332602,-2.00196077499266,"differentiating","MUT",48.2737518112143
"mut_10500168",-4.92957834405234,-2.21801938686248,"precursor-like","MUT",43.6238941048865
"mut_7685791",-7.07858280343344,-1.92863192233916,"differentiating","MUT",52.6031656023906
"mut_1794475",-6.48405269784262,-1.93390276107665,"precursor-like","MUT",53.0502411459894
"mut_4441040",-7.11838058633139,-2.49368633899565,"differentiating","MUT",50.3813936972632
"mut_11523546",-5.67444423836997,-1.96595515880461,"differentiating","MUT",39.959982484595
"mut_4007812",-5.39714817208579,-2.1404805389392,"precursor-like","MUT",39.6777350657196
"mut_13132432",-6.66980365914633,-2.34272863540526,"precursor-like","MUT",52.5828738605385
"mut_6074908",-7.19092849892905,-2.52934350643035,"differentiating","MUT",53.6113884020509
"mut_7111391",-6.82218698663047,-2.69400348338958,"differentiating","MUT",50.9964960835492
"mut_6942425",-7.31309084100058,-1.66289331588622,"differentiating","MUT",52.6300980196562
"mut_1336720",-5.37723735970786,-2.24466743144866,"precursor-like","MUT",44.2882507559712
"mut_6948532",-5.85178379220298,-1.73968448314543,"precursor-like","MUT",38.6133113434607
"mut_5043865",-7.30743078393271,-2.2923736778247,"differentiating","MUT",50.136961403087
"mut_6505404",-5.10797361535361,-2.19772972736235,"precursor-like","MUT",37.6899259519813
"mut_11366024",-6.59051040810874,-1.4111457077014,"differentiating","MUT",38.8587863118646
"mut_3561226",-6.85263399285605,-2.21717335853453,"differentiating","MUT",56.7963074363031
"mut_5466324",-7.17975143594077,-1.83035983714934,"differentiating","MUT",53.5878858017461
"mut_10036235",-6.50793890160849,-2.01202501926299,"differentiating","MUT",49.730395481151
"mut_4749389",-5.9980750481539,-2.16809560928221,"precursor-like","MUT",38.9454650094106
"mut_2949595",-5.09443859261801,-2.20141746673461,"precursor-like","MUT",38.3526017283649
"mut_2360915",-4.59054521722129,-2.3867351022708,"precursor-like","MUT",45.7234484550851
"mut_6068042",-6.66754678887656,-2.46960320148345,"differentiating","MUT",49.80364890076
"mut_609864",-6.5678673188143,-2.19719447765227,"differentiating","MUT",41.0779758762781
"mut_6806836",-5.35819152993491,-2.24905445251342,"precursor-like","MUT",42.3031658178511
"mut_14024536",-4.36592916650107,-2.33294262561675,"precursor-like","MUT",34.7858310600575
"mut_8131273",-5.09579710168174,-2.22522856864806,"precursor-like","MUT",36.734816002364
"mut_3279763",-4.9975982109957,-2.27020527992125,"precursor-like","MUT",37.1260270837371
"mut_3114677",-6.37714437646201,-2.07531609210845,"precursor-like","MUT",47.9647771494475
"mut_6369479",-5.27821354073813,-2.15977766189452,"precursor-like","MUT",41.8519674648872
"mut_1348266",-7.16282371682456,-1.92415525588866,"differentiating","MUT",56.2540379223618
"mut_1486473",-7.23565534753134,-2.01268329295989,"differentiating","MUT",51.8760439599253
"mut_2367406",-7.08605055016806,-1.60673596534606,"differentiating","MUT",50.1475946184721
"mut_746941",-6.84024051827719,-2.47101702365752,"differentiating","MUT",53.051050510942
"mut_12422799",-7.16365532082846,-1.75016786727782,"differentiating","MUT",51.8707351422282
"mut_309551",-4.08520178002646,-2.48391284618254,"precursor-like","MUT",37.0846427626902
"mut_12694350",-6.86140922707846,-2.77671970996733,"precursor-like","MUT",47.3058048892745
"mut_2826632",-7.02390293282798,-1.8710314241397,"differentiating","MUT",38.4623976747744
"mut_7698832",-7.67094473046591,-2.60775484714385,"differentiating","MUT",48.8092392930471
"mut_1639747",-4.88817600411704,-2.30316128406401,"precursor-like","MUT",40.7352783093159
"mut_14012215",-4.95596031350424,-2.2329402175891,"precursor-like","MUT",37.6226219298043
"mut_1569",-7.37002615136435,-2.15387978229399,"differentiating","MUT",54.727961109188
"mut_10945232",-6.87329391640952,-1.43325342807647,"differentiating","MUT",46.5345998463993
"mut_6361353",-4.45267681283286,-2.41091336879607,"precursor-like","MUT",36.9631040174027
"mut_11059257",-4.90955547494223,-2.21698786887999,"precursor-like","MUT",37.4197635347993
"mut_772622",-5.69364790124228,-1.83429922733184,"precursor-like","MUT",42.1330359504461
"mut_2522939",-7.26411775750449,-2.55323280963774,"differentiating","MUT",56.0510218277136
"mut_5617947",-6.63961080712607,-2.23665465984221,"differentiating","MUT",51.363719290377
"mut_5038139",-5.93208603066733,-2.78058471355315,"precursor-like","MUT",45.9662676858341
"mut_8276355",-7.68126444024375,-2.65288176212188,"differentiating","MUT",52.8815979796469
"mut_1047938",-6.67752937478354,-2.25275447044249,"differentiating","MUT",47.1422573902806
"mut_596391",-5.97465757531455,-1.88282384548064,"differentiating","MUT",45.1128206884398
"mut_11975840",-6.86619190377524,-1.71185090217467,"differentiating","MUT",51.7918834201751
"mut_13741123",-5.81639055413535,-2.25533582839843,"precursor-like","MUT",40.1937153891363
"mut_6074564",-7.17801193398764,-1.37177618417617,"differentiating","MUT",56.1350044335089
"mut_12097192",-7.59075693291953,-2.07372464809294,"differentiating","MUT",52.6116149504148
"mut_11520054",-5.88608650368979,-2.26670088443633,"precursor-like","MUT",49.1134311459497
"mut_12266186",-6.85713009042075,-2.43900551471587,"differentiating","MUT",53.5905838975745
"mut_7850912",-4.93899540108969,-2.31035818729277,"precursor-like","MUT",38.2057473848793
"mut_11970060",-5.13350633782675,-2.28269447955962,"precursor-like","MUT",40.4560948753497
"mut_11950475",-5.80116800469687,-1.94800939235564,"precursor-like","MUT",37.7481212388198
"mut_2825142",-7.12919906777671,-1.75492288741942,"differentiating","MUT",51.9656541899336
"mut_7538329",-4.61362699670127,-2.282590886687,"precursor-like","MUT",39.1894855134588
"mut_1506102",-5.97008423013022,-2.27356722030516,"differentiating","MUT",42.4358450280226
"mut_6220836",-6.89747575921347,-2.25958504352446,"differentiating","MUT",48.604586072115
"mut_12407134",-5.86391357583335,-2.19208933982726,"precursor-like","MUT",47.6730376684743
"mut_5044270",-7.20660452050498,-2.19802846584197,"differentiating","MUT",55.4888803025752
"mut_5174094",-5.94938854378989,-1.81825806770201,"differentiating","MUT",45.8553905882485
"mut_463885",-4.83467249078086,-2.32302870426055,"precursor-like","MUT",37.9383711770256
"mut_9602328",-7.74854330224326,-2.48569550189849,"differentiating","MUT",49.0404860167303
"mut_5779622",-6.84719900292685,-2.59448661479827,"differentiating","MUT",52.7559287796479
"mut_7823245",-5.80001405877402,-2.20881750259276,"precursor-like","MUT",38.293609735182
"mut_10339624",-6.51695207757285,-2.40629138622161,"differentiating","MUT",41.856362593331
"mut_5921675",-7.28814844292929,-2.11275245818969,"differentiating","MUT",51.4096219628911
"mut_6794897",-7.48455862206748,-2.66371335658904,"differentiating","MUT",44.954641621682
"mut_12092575",-5.28244022530844,-2.18303897056456,"precursor-like","MUT",45.9010209002799
"mut_2668091",-6.50997499627402,-2.11093225154753,"differentiating","MUT",55.3937243256481
"mut_2523738",-6.72412780923178,-1.73595072898741,"differentiating","MUT",45.7711582171795
"mut_13889690",-6.83399252099326,-2.52608861598845,"precursor-like","MUT",47.6973364248619
"mut_10789279",-6.3669042984896,-2.40687193546172,"differentiating","MUT",49.5369904453145
"mut_8270663",-4.49812654656699,-2.39515747699614,"precursor-like","MUT",39.8982037156763
"mut_13893146",-5.58332542580893,-2.18075182113524,"precursor-like","MUT",38.3877065789937
"mut_6945072",-5.22503856820395,-2.2445631233203,"precursor-like","MUT",38.1917156307897
"mut_7849022",-6.01342348260215,-2.21099402580138,"precursor-like","MUT",38.694165013341
"mut_12844858",-6.21607450646689,-2.23409142169829,"differentiating","MUT",43.828373915556
"mut_10490568",-6.06127361459067,-1.93159379634734,"precursor-like","MUT",41.5012961765227
"mut_11651422",-7.16400388879111,-2.11202778491851,"differentiating","MUT",44.0125854102488
"mut_7688483",-6.84032062691977,-1.1070429888713,"differentiating","MUT",47.9115580940866
"mut_5923994",-6.92080358666709,-1.98629953536864,"differentiating","MUT",49.1137645632785
"mut_7693895",-7.30457357568076,-2.16941537532683,"differentiating","MUT",48.2860318780691
"mut_7551818",-7.13265995187094,-1.08913620386,"differentiating","MUT",50.2482505940557
"mut_465044",-6.79531578225424,-2.42969336185332,"differentiating","MUT",43.869703809635
"mut_11526189",-5.70710615319541,-2.05837001476165,"differentiating","MUT",45.3118292773102
"mut_3111201",-6.91533807915976,-1.98731162223693,"differentiating","MUT",54.4485052537254
"mut_10784347",-7.26600698632529,-2.50590004596587,"precursor-like","MUT",50.5431525841181
"mut_12684317",-6.31369928521445,-2.10660495433684,"precursor-like","MUT",50.1591033368797
"mut_11371472",-7.13675741357138,-1.94809260043975,"differentiating","MUT",51.8416247039242
"mut_10349978",-5.7316880623751,-2.28771593246337,"precursor-like","MUT",50.2551445341931
"mut_8560141",-7.63773111504843,-2.48039831790801,"differentiating","MUT",60.4167829063181
"mut_6635562",-5.95301202935508,-2.21623506221648,"precursor-like","MUT",49.9277909726034
"mut_10926003",-6.40978244942954,-1.38409330520507,"differentiating","MUT",49.2719988731537
"mut_600610",-6.76107219857505,-1.54801144275542,"differentiating","MUT",48.9472802303169
"mut_11538071",-6.33579401177695,-1.98469617042418,"differentiating","MUT",50.6344836615136
"mut_11966265",-6.49539808434775,-2.20632519397612,"differentiating","MUT",41.5144101834368
"mut_1952677",-5.371764222806,-2.17950358066436,"precursor-like","MUT",37.958503549111
"mut_12705490",-5.61672023934653,-2.1955707279193,"precursor-like","MUT",39.3364196192806
"mut_9441835",-6.83216575784018,-2.39672460231658,"differentiating","MUT",49.7977510107574
"mut_9618483",-6.05856327218344,-2.22637369308348,"precursor-like","MUT",49.7830763117731
"mut_11080757",-6.73419479531577,-2.45904650363799,"differentiating","MUT",43.3679776906826
"mut_1951174",-5.10404638451865,-2.23709478053923,"precursor-like","MUT",40.606876580452
"mut_1805633",-5.77437643212607,-2.02071203861113,"precursor-like","MUT",41.3288480510084
"mut_2688082",-6.60240177316001,-2.26562156352874,"differentiating","MUT",50.22348051696
"mut_913952",-6.05697445077231,-1.9102604595172,"precursor-like","MUT",46.2213320321047
"mut_5031980",-6.34109691781333,-2.04464199218627,"precursor-like","MUT",49.4007906199476
"mut_6210141",-6.88580564660361,-2.03774954948302,"differentiating","MUT",50.2969846566737
"mut_2689245",-5.50025943917563,-1.98359300765868,"precursor-like","MUT",41.0379111356066
"mut_1794079",-5.59674266976645,-2.07845880660887,"precursor-like","MUT",43.5061758702189
"mut_10947505",-6.49951748055747,-2.22780718479033,"differentiating","MUT",50.593280192652
"mut_6819523",-6.3423190514498,-1.75603236827727,"differentiating","MUT",41.1326965894416
"mut_5476673",-5.16380504769614,-2.06520857486602,"precursor-like","MUT",47.133219023541
"mut_12126795",-6.90232948464682,-1.60857023868438,"differentiating","MUT",52.9695367868308
"mut_3405766",-7.24724630517295,-1.94615723762389,"differentiating","MUT",56.0015187045632
"mut_472754",-4.39843849343589,-2.30468096408721,"precursor-like","MUT",37.854818770564
"mut_13594078",-7.49324373406699,-2.38323988590117,"differentiating","MUT",56.8333222767204
"mut_12092929",-5.3441238800936,-2.2265423742282,"precursor-like","MUT",38.3102612794335
"mut_7994176",-5.56037763757041,-2.02603079948302,"precursor-like","MUT",38.2751041190199
"mut_12248464",-6.24047664803794,-1.82887007865782,"precursor-like","MUT",49.161901657033
"mut_6492681",-6.31235603493979,-2.32917477760192,"differentiating","MUT",40.9116491898808
"mut_2824733",-6.69139103097251,-2.30864169273253,"differentiating","MUT",53.8428430200717
"mut_11515814",-5.99144701165488,-2.03871597919341,"precursor-like","MUT",40.0732868040631
"mut_2361301",-6.23575691384604,-2.34475161704894,"differentiating","MUT",50.5407683796129
"mut_9598500",-6.85445741814902,-1.76370324764128,"differentiating","MUT",54.943381754667
"mut_12683217",-6.4788256089144,-2.52208151492949,"precursor-like","MUT",45.2218045412831
"mut_7103676",-7.20257906121543,-1.57227708968993,"differentiating","MUT",54.7470642393296
"mut_12713502",-5.47539524239829,-2.1630224195468,"precursor-like","MUT",38.2747558163831
"mut_11067710",-6.37522033852866,-2.27011670741912,"differentiating","MUT",44.4167963136114
"mut_10631843",-7.6635384957247,-2.35909177932616,"differentiating","MUT",54.9339081394646
"mut_10641808",-6.70579342049887,-1.30650409135695,"differentiating","MUT",45.9950438157392
"mut_11827230",-5.55800966424277,-2.20695259246703,"precursor-like","MUT",42.1178071687967
"mut_3997828",-7.17197565240195,-2.25237741145964,"differentiating","MUT",52.9573969606846
"mut_5754692",-6.02557663125327,-2.28583302173491,"precursor-like","MUT",38.6857328258864
"mut_4439863",-6.100120107358,-2.36112620506163,"precursor-like","MUT",44.6146621185514
"mut_4722437",-6.73934606713584,-2.52373375568267,"differentiating","MUT",46.683635537603
"mut_11077257",-5.45117477578452,-2.37552930984374,"precursor-like","MUT",36.8926632341559
"mut_10480196",-4.60002187890341,-2.34773590240355,"precursor-like","MUT",38.3910654042134
"mut_12829477",-6.56973222894004,-1.81846429977294,"differentiating","MUT",40.1394378623081
"mut_3550085",-5.40989069146445,-2.07664432201262,"precursor-like","MUT",38.7398561933762
"mut_12265785",-7.66209749383261,-2.27318360481139,"precursor-like","MUT",53.434841208256
"mut_164027",-5.90018514794638,-2.0637302604663,"precursor-like","MUT",38.6200672811292
"mut_13305227",-6.2247128884249,-2.44121327075835,"precursor-like","MUT",43.6564497917756
"mut_6658988",-5.96104911965659,-2.09849908027526,"precursor-like","MUT",38.7458690308327
"mut_2541378",-5.99030450982383,-2.00182976398345,"precursor-like","MUT",40.9070791762129
"mut_8878144",-5.48564724129966,-2.02133145007964,"precursor-like","MUT",37.4444518082619
"mut_4742844",-6.05343727273276,-1.97167064819213,"differentiating","MUT",39.3764215476037
"mut_2827032",-6.5294266144686,-1.45711805496093,"differentiating","MUT",53.2755677623472
"mut_3709892",-7.2861199776583,-2.11694969806548,"differentiating","MUT",56.5815821274232
"mut_2215320",-4.90841535729697,-2.29332663688536,"precursor-like","MUT",37.532491016562
"mut_3271703",-6.08892110986045,-2.1969032493579,"differentiating","MUT",46.5045650665303
"mut_6069182",-5.52597955865195,-2.12881912860747,"precursor-like","MUT",39.5676423449462
"mut_5194832",-6.44484476250937,-1.74584080848571,"differentiating","MUT",43.304198524583
"mut_9765981",-7.76674417657187,-2.51424708042022,"differentiating","MUT",48.8583895107444
"mut_1052963",-6.5768161217623,-2.04738142166014,"differentiating","MUT",41.608235571537
"mut_5171025",-5.53140644234946,-2.17021324310179,"precursor-like","MUT",46.5587365238429
"mut_13454642",-4.75442508858969,-2.37148799571868,"precursor-like","MUT",36.2556179191468
"mut_9010251",-5.2331447998934,-2.16375758323546,"precursor-like","MUT",38.4893819554765
"mut_13743364",-5.64980129403403,-2.19023217830535,"precursor-like","MUT",39.8595582147575
"mut_6496964",-6.06989769143393,-2.30774273548003,"precursor-like","MUT",38.0014106029261
"mut_7675842",-5.11385540170005,-2.21611895236846,"precursor-like","MUT",44.2535422785258
"mut_12125228",-7.10479978722861,-2.33966471824523,"differentiating","MUT",50.1130087015495
"mut_11666746",-5.09459356469443,-2.20332147750731,"precursor-like","MUT",37.8687166647002
"mut_4873381",-7.39749387902549,-1.68160440597411,"differentiating","MUT",56.0853977896032
"mut_6371788",-5.17220167321494,-2.17587842616912,"precursor-like","MUT",38.710627522286
"mut_9159987",-6.13591531915,-2.32240368995543,"precursor-like","MUT",42.0414106930837
"mut_14016453",-6.120543519681,-1.63430895480986,"precursor-like","MUT",40.5396574159491
"mut_7397443",-5.07072881860068,-2.15514781150695,"precursor-like","MUT",43.617558604268
"mut_6636707",-6.27052787942221,-2.19250061187621,"precursor-like","MUT",47.3046884960542
"mut_11664046",-5.67620710534384,-1.78617562923308,"precursor-like","MUT",38.3271682245412
"mut_6522698",-5.5285606781893,-2.05744518909331,"precursor-like","MUT",39.132822984057
"mut_7400137",-3.90251354378989,-2.3926903215396,"precursor-like","MUT",40.535121442459
"mut_10916740",-5.82618097466758,-1.98782851371642,"differentiating","MUT",47.4643492356797
"mut_5637930",-5.26707796258261,-2.18273868236418,"precursor-like","MUT",35.7190334858606
"mut_6661279",-7.26441911858847,-2.47508134517546,"differentiating","MUT",53.6494054352471
"mut_12395952",-7.15688804787924,-2.31504120502349,"differentiating","MUT",48.7524485169238
"mut_4732049",-7.64337114495566,-2.11082710895415,"differentiating","MUT",53.8263905695569
"mut_12401687",-7.41139368218711,-1.69506337318297,"differentiating","MUT",52.549923485691
"mut_11521191",-5.87303308648398,-2.20838572654601,"precursor-like","MUT",42.6907937777483
"mut_9611166",-6.53736404580405,-2.01035799655791,"differentiating","MUT",43.8879938001063
"mut_11086550",-4.8064828316622,-2.25668277416106,"precursor-like","MUT",36.3881706147052
"mut_11376038",-5.55241493386557,-2.11112239036437,"precursor-like","MUT",38.0551123797804
"mut_5473936",-6.97938589257529,-2.10719313297148,"differentiating","MUT",44.0334079158725
"mut_6053058",-5.49457792443564,-2.12866272601958,"precursor-like","MUT",38.1507620489125
"mut_1639695",-7.50534395379355,-2.53093852672454,"differentiating","MUT",52.9458108724721
"mut_12701623",-6.19990019006064,-2.10151972446318,"differentiating","MUT",47.1430068869986
"mut_4160304",-5.70447210473349,-2.23483135375853,"precursor-like","MUT",38.8737124747041
"mut_10919067",-5.91819862527182,-2.19466569099303,"precursor-like","MUT",38.4051749291436
"mut_6345311",-5.31637481850913,-2.20738913688536,"precursor-like","MUT",39.2899924955903
"mut_10210963",-7.44349722070029,-2.10124327812072,"differentiating","MUT",52.9420136368166
"mut_10323142",-7.77815584344199,-2.48626269969817,"differentiating","MUT",49.420020878916
"mut_12540715",-6.16462759179404,-2.1979345289218,"differentiating","MUT",45.0166105266034
"mut_10773123",-6.97956279916098,-1.67429794940825,"differentiating","MUT",43.2218319271201
"mut_13587158",-6.17762283486655,-2.09693767700072,"differentiating","MUT",44.1613333384809
"mut_4898396",-4.50365547341635,-2.44070686969634,"precursor-like","MUT",42.5517652491212
"mut_9454175",-5.284024278348,-2.26023401889678,"precursor-like","MUT",38.7235720654221
"mut_5756594",-6.89392475289633,-1.61213543090697,"differentiating","MUT",47.6823023259894
"mut_10193364",-6.73504499596884,-1.51738311920043,"differentiating","MUT",46.5065683710662
"mut_8127756",-6.73334697884848,-2.50101246509429,"differentiating","MUT",53.148656624886
"mut_6960092",-5.54381803674033,-2.32082452449675,"precursor-like","MUT",39.7911846721785
"mut_3700687",-5.56251291436484,-2.19860210094329,"precursor-like","MUT",43.2095542102839
"mut_7818667",-7.34294752282431,-1.90788855228301,"differentiating","MUT",50.545269758907
"mut_3867315",-7.17310575646689,-2.11507918510314,"differentiating","MUT",49.8894067741458
"mut_9305165",-7.21545366448691,-1.78787793788787,"differentiating","MUT",52.3861799700938
"mut_7818713",-5.20923427743247,-2.24602403316375,"precursor-like","MUT",41.2675370546675
"mut_10036319",-5.42558674020102,-2.06295134696837,"precursor-like","MUT",37.497144475717
"mut_5911762",-7.26784662408164,-1.59844817790862,"differentiating","MUT",52.2814475972256
"mut_9029381",-5.17764143151572,-2.12890162143584,"precursor-like","MUT",43.1151986782661
"mut_7672780",-6.98607544106772,-2.31928434047576,"differentiating","MUT",52.3588946478872
"mut_10340014",-6.49642614526084,-1.19041200551863,"differentiating","MUT",37.0668166522211
"mut_8862407",-7.52639249963095,-2.47721280727263,"differentiating","MUT",50.9443228730104
